{
  "count": 5,
  "value": [
    {
      "id": 94,
      "rev": 6,
      "fields": {
        "System.AreaPath": "Cloud Adoption Plan",
        "System.TeamProject": "Cloud Adoption Plan",
        "System.IterationPath": "Cloud Adoption Plan",
        "System.WorkItemType": "Epic",
        "System.State": "New",
        "System.Reason": "Moved to the backlog",
        "System.CreatedDate": "2020-06-25T15:49:34.553Z",
        "System.CreatedBy": "Mark (RCO-LLC) <mark@readycloudone.com>",
        "System.ChangedDate": "2020-07-27T19:03:42.693Z",
        "System.ChangedBy": "Mark (RCO-LLC) <mark@readycloudone.com>",
        "System.Title": "Cloud Adoption Strategy",
        "Microsoft.VSTS.Scheduling.Effort": 0.0,
        "System.Description": "Cloud Adoption Strategy",
        "System.AssignedTo": null,
        "Microsoft.VSTS.Scheduling.RemainingWork": 0.0,
        "Microsoft.VSTS.Common.Priority": 2.0,
        "System.BoardLane": null,
        "System.Tags": "Strategy",
        "Microsoft.VSTS.TCM.Steps": null,
        "Microsoft.VSTS.TCM.Parameters": null,
        "Microsoft.VSTS.TCM.LocalDataSource": null,
        "Microsoft.VSTS.TCM.AutomationStatus": null,
        "System.History": null
      },
      "relations": [
        {
          "rel": "System.LinkTypes.Hierarchy-Forward",
          "url": "https://dev.azure.com/rco-llc/_apis/wit/workItems/104",
          "attributes": {
            "isLocked": "false",
            "comment": "Making a new link for the dependency",
            "name": "Child"
          }
        }
      ],
      "url": "https://dev.azure.com/rco-llc/_apis/wit/workItems/94"
    },
    {
      "id": 95,
      "rev": 5,
      "fields": {
        "System.AreaPath": "Cloud Adoption Plan",
        "System.TeamProject": "Cloud Adoption Plan",
        "System.IterationPath": "Cloud Adoption Plan",
        "System.WorkItemType": "Epic",
        "System.State": "New",
        "System.Reason": "Moved to the backlog",
        "System.CreatedDate": "2020-06-25T15:49:34.82Z",
        "System.CreatedBy": "Mark (RCO-LLC) <mark@readycloudone.com>",
        "System.ChangedDate": "2020-07-27T19:03:42.693Z",
        "System.ChangedBy": "Mark (RCO-LLC) <mark@readycloudone.com>",
        "System.Title": "Cloud Adoption Plan",
        "Microsoft.VSTS.Scheduling.Effort": 0.0,
        "System.Description": "Cloud Adoption Plan",
        "System.AssignedTo": null,
        "Microsoft.VSTS.Scheduling.RemainingWork": 0.0,
        "Microsoft.VSTS.Common.Priority": 2.0,
        "System.BoardLane": null,
        "System.Tags": "Plan",
        "Microsoft.VSTS.TCM.Steps": null,
        "Microsoft.VSTS.TCM.Parameters": null,
        "Microsoft.VSTS.TCM.LocalDataSource": null,
        "Microsoft.VSTS.TCM.AutomationStatus": null,
        "System.History": null
      },
      "relations": [
        {
          "rel": "System.LinkTypes.Hierarchy-Forward",
          "url": "https://dev.azure.com/rco-llc/_apis/wit/workItems/103",
          "attributes": {
            "isLocked": "false",
            "comment": "Making a new link for the dependency",
            "name": "Child"
          }
        }
      ],
      "url": "https://dev.azure.com/rco-llc/_apis/wit/workItems/95"
    },
    {
      "id": 98,
      "rev": 1,
      "fields": {
        "System.AreaPath": "Cloud Adoption Plan",
        "System.TeamProject": "Cloud Adoption Plan",
        "System.IterationPath": "Cloud Adoption Plan",
        "System.WorkItemType": "Epic",
        "System.State": "New",
        "System.Reason": "New",
        "System.CreatedDate": "2020-06-25T15:49:35.607Z",
        "System.CreatedBy": "Mark (RCO-LLC) <mark@readycloudone.com>",
        "System.ChangedDate": "2020-06-25T15:49:35.607Z",
        "System.ChangedBy": "Mark (RCO-LLC) <mark@readycloudone.com>",
        "System.Title": "Cloud Migration",
        "Microsoft.VSTS.Scheduling.Effort": 0.0,
        "System.Description": "Cloud Migration",
        "System.AssignedTo": null,
        "Microsoft.VSTS.Scheduling.RemainingWork": 0.0,
        "Microsoft.VSTS.Common.Priority": 2.0,
        "System.BoardLane": null,
        "System.Tags": "Migration",
        "Microsoft.VSTS.TCM.Steps": null,
        "Microsoft.VSTS.TCM.Parameters": null,
        "Microsoft.VSTS.TCM.LocalDataSource": null,
        "Microsoft.VSTS.TCM.AutomationStatus": null,
        "System.History": null
      },
      "relations": [
        {
          "rel": "System.LinkTypes.Hierarchy-Forward",
          "url": "https://dev.azure.com/rco-llc/_apis/wit/workItems/99",
          "attributes": {
            "isLocked": "false",
            "comment": "Making a new link for the dependency",
            "name": "Child"
          }
        },
        {
          "rel": "System.LinkTypes.Hierarchy-Forward",
          "url": "https://dev.azure.com/rco-llc/_apis/wit/workItems/100",
          "attributes": {
            "isLocked": "false",
            "comment": "Making a new link for the dependency",
            "name": "Child"
          }
        },
        {
          "rel": "System.LinkTypes.Hierarchy-Forward",
          "url": "https://dev.azure.com/rco-llc/_apis/wit/workItems/101",
          "attributes": {
            "isLocked": "false",
            "comment": "Making a new link for the dependency",
            "name": "Child"
          }
        }
      ],
      "url": "https://dev.azure.com/rco-llc/_apis/wit/workItems/98"
    },
    {
      "id": 97,
      "rev": 1,
      "fields": {
        "System.AreaPath": "Cloud Adoption Plan",
        "System.TeamProject": "Cloud Adoption Plan",
        "System.IterationPath": "Cloud Adoption Plan",
        "System.WorkItemType": "Epic",
        "System.State": "New",
        "System.Reason": "Moved to the backlog",
        "System.CreatedDate": "2020-06-25T15:49:35.4Z",
        "System.CreatedBy": "Mark (RCO-LLC) <mark@readycloudone.com>",
        "System.ChangedDate": "2020-06-25T15:49:35.4Z",
        "System.ChangedBy": "Mark (RCO-LLC) <mark@readycloudone.com>",
        "System.Title": "Cloud Innovation",
        "Microsoft.VSTS.Scheduling.Effort": 0.0,
        "System.Description": "Cloud Innovation",
        "System.AssignedTo": null,
        "Microsoft.VSTS.Scheduling.RemainingWork": 0.0,
        "Microsoft.VSTS.Common.Priority": 2.0,
        "System.BoardLane": null,
        "System.Tags": "Innovation",
        "Microsoft.VSTS.TCM.Steps": null,
        "Microsoft.VSTS.TCM.Parameters": null,
        "Microsoft.VSTS.TCM.LocalDataSource": null,
        "Microsoft.VSTS.TCM.AutomationStatus": null,
        "System.History": null
      },
      "relations": null,
      "url": "https://dev.azure.com/rco-llc/_apis/wit/workItems/97"
    },
    {
      "id": 96,
      "rev": 1,
      "fields": {
        "System.AreaPath": "Cloud Adoption Plan",
        "System.TeamProject": "Cloud Adoption Plan",
        "System.IterationPath": "Cloud Adoption Plan",
        "System.WorkItemType": "Epic",
        "System.State": "New",
        "System.Reason": "New",
        "System.CreatedDate": "2020-06-25T15:49:35.043Z",
        "System.CreatedBy": "Mark (RCO-LLC) <mark@readycloudone.com>",
        "System.ChangedDate": "2020-06-25T15:49:35.043Z",
        "System.ChangedBy": "Mark (RCO-LLC) <mark@readycloudone.com>",
        "System.Title": "Cloud Ready",
        "Microsoft.VSTS.Scheduling.Effort": 0.0,
        "System.Description": "Cloud Ready",
        "System.AssignedTo": null,
        "Microsoft.VSTS.Scheduling.RemainingWork": 0.0,
        "Microsoft.VSTS.Common.Priority": 2.0,
        "System.BoardLane": null,
        "System.Tags": "Ready",
        "Microsoft.VSTS.TCM.Steps": null,
        "Microsoft.VSTS.TCM.Parameters": null,
        "Microsoft.VSTS.TCM.LocalDataSource": null,
        "Microsoft.VSTS.TCM.AutomationStatus": null,
        "System.History": null
      },
      "relations": [
        {
          "rel": "System.LinkTypes.Hierarchy-Forward",
          "url": "https://dev.azure.com/rco-llc/_apis/wit/workItems/102",
          "attributes": {
            "isLocked": "false",
            "comment": "Making a new link for the dependency",
            "name": "Child"
          }
        }
      ],
      "url": "https://dev.azure.com/rco-llc/_apis/wit/workItems/96"
    }
  ],
  "HttpStatusCode": 0,
  "Message": null
}