{
  "count": 6,
  "value": [
    {
      "id": 99,
      "rev": 2,
      "fields": {
        "System.AreaPath": "Cloud Adoption Plan",
        "System.TeamProject": "Cloud Adoption Plan",
        "System.IterationPath": "Cloud Adoption Plan",
        "System.WorkItemType": "Feature",
        "System.State": "New",
        "System.Reason": "New",
        "System.CreatedDate": "2020-06-25T15:49:35.88Z",
        "System.CreatedBy": "Mark (RCO-LLC) <mark@readycloudone.com>",
        "System.ChangedDate": "2020-07-18T19:32:06.287Z",
        "System.ChangedBy": "Mark (RCO-LLC) <mark@readycloudone.com>",
        "System.Title": "First Workload",
        "Microsoft.VSTS.Scheduling.Effort": 0.0,
        "System.Description": "<div>Migrate the first workload to learn and refine your migration process.</div>",
        "System.AssignedTo": null,
        "Microsoft.VSTS.Scheduling.RemainingWork": 0.0,
        "Microsoft.VSTS.Common.Priority": 2.0,
        "System.BoardLane": null,
        "System.Tags": "First Workload",
        "Microsoft.VSTS.TCM.Steps": null,
        "Microsoft.VSTS.TCM.Parameters": null,
        "Microsoft.VSTS.TCM.LocalDataSource": null,
        "Microsoft.VSTS.TCM.AutomationStatus": null,
        "System.History": null
      },
      "relations": [
        {
          "rel": "System.LinkTypes.Hierarchy-Forward",
          "url": "https://dev.azure.com/rco-llc/_apis/wit/workItems/147",
          "attributes": {
            "isLocked": "false",
            "comment": "Making a new link for the dependency",
            "name": "Child"
          }
        },
        {
          "rel": "System.LinkTypes.Hierarchy-Reverse",
          "url": "https://dev.azure.com/rco-llc/_apis/wit/workItems/98",
          "attributes": {
            "isLocked": "false",
            "comment": "Making a new link for the dependency",
            "name": "Parent"
          }
        },
        {
          "rel": "System.LinkTypes.Hierarchy-Forward",
          "url": "https://dev.azure.com/rco-llc/_apis/wit/workItems/127",
          "attributes": {
            "isLocked": "false",
            "comment": "Making a new link for the dependency",
            "name": "Child"
          }
        },
        {
          "rel": "System.LinkTypes.Hierarchy-Forward",
          "url": "https://dev.azure.com/rco-llc/_apis/wit/workItems/156",
          "attributes": {
            "isLocked": "false",
            "comment": "Making a new link for the dependency",
            "name": "Child"
          }
        },
        {
          "rel": "System.LinkTypes.Hierarchy-Forward",
          "url": "https://dev.azure.com/rco-llc/_apis/wit/workItems/115",
          "attributes": {
            "isLocked": "false",
            "comment": "Making a new link for the dependency",
            "name": "Child"
          }
        },
        {
          "rel": "System.LinkTypes.Hierarchy-Forward",
          "url": "https://dev.azure.com/rco-llc/_apis/wit/workItems/138",
          "attributes": {
            "isLocked": "false",
            "comment": "Making a new link for the dependency",
            "name": "Child"
          }
        }
      ],
      "url": "https://dev.azure.com/rco-llc/_apis/wit/workItems/99"
    },
    {
      "id": 100,
      "rev": 2,
      "fields": {
        "System.AreaPath": "Cloud Adoption Plan",
        "System.TeamProject": "Cloud Adoption Plan",
        "System.IterationPath": "Cloud Adoption Plan",
        "System.WorkItemType": "Feature",
        "System.State": "New",
        "System.Reason": "New",
        "System.CreatedDate": "2020-06-25T15:49:36.137Z",
        "System.CreatedBy": "Mark (RCO-LLC) <mark@readycloudone.com>",
        "System.ChangedDate": "2020-07-18T19:32:06.287Z",
        "System.ChangedBy": "Mark (RCO-LLC) <mark@readycloudone.com>",
        "System.Title": "First Host",
        "Microsoft.VSTS.Scheduling.Effort": 0.0,
        "System.Description": "<div><span>Migrate your first VMWare Host</span></div>",
        "System.AssignedTo": null,
        "Microsoft.VSTS.Scheduling.RemainingWork": 0.0,
        "Microsoft.VSTS.Common.Priority": 2.0,
        "System.BoardLane": null,
        "System.Tags": "First Host",
        "Microsoft.VSTS.TCM.Steps": null,
        "Microsoft.VSTS.TCM.Parameters": null,
        "Microsoft.VSTS.TCM.LocalDataSource": null,
        "Microsoft.VSTS.TCM.AutomationStatus": null,
        "System.History": null
      },
      "relations": [
        {
          "rel": "System.LinkTypes.Hierarchy-Reverse",
          "url": "https://dev.azure.com/rco-llc/_apis/wit/workItems/98",
          "attributes": {
            "isLocked": "false",
            "comment": "Making a new link for the dependency",
            "name": "Parent"
          }
        },
        {
          "rel": "System.LinkTypes.Hierarchy-Forward",
          "url": "https://dev.azure.com/rco-llc/_apis/wit/workItems/173",
          "attributes": {
            "isLocked": "false",
            "comment": "Making a new link for the dependency",
            "name": "Child"
          }
        },
        {
          "rel": "System.LinkTypes.Hierarchy-Forward",
          "url": "https://dev.azure.com/rco-llc/_apis/wit/workItems/172",
          "attributes": {
            "isLocked": "false",
            "comment": "Making a new link for the dependency",
            "name": "Child"
          }
        },
        {
          "rel": "System.LinkTypes.Hierarchy-Forward",
          "url": "https://dev.azure.com/rco-llc/_apis/wit/workItems/174",
          "attributes": {
            "isLocked": "false",
            "comment": "Making a new link for the dependency",
            "name": "Child"
          }
        }
      ],
      "url": "https://dev.azure.com/rco-llc/_apis/wit/workItems/100"
    },
    {
      "id": 101,
      "rev": 2,
      "fields": {
        "System.AreaPath": "Cloud Adoption Plan",
        "System.TeamProject": "Cloud Adoption Plan",
        "System.IterationPath": "Cloud Adoption Plan",
        "System.WorkItemType": "Feature",
        "System.State": "New",
        "System.Reason": "New",
        "System.CreatedDate": "2020-06-25T15:49:36.293Z",
        "System.CreatedBy": "Mark (RCO-LLC) <mark@readycloudone.com>",
        "System.ChangedDate": "2020-07-18T19:32:06.287Z",
        "System.ChangedBy": "Mark (RCO-LLC) <mark@readycloudone.com>",
        "System.Title": "Workload Template",
        "Microsoft.VSTS.Scheduling.Effort": 0.0,
        "System.Description": "Using Excel's Team add-on, copy all work items with the tag &quot;Workload Template&quot;. Past those tags in the excel table &amp; change the Tags &amp; the name of the feature to match your workload's name.",
        "System.AssignedTo": null,
        "Microsoft.VSTS.Scheduling.RemainingWork": 0.0,
        "Microsoft.VSTS.Common.Priority": 1.0,
        "System.BoardLane": null,
        "System.Tags": "Workload Template",
        "Microsoft.VSTS.TCM.Steps": null,
        "Microsoft.VSTS.TCM.Parameters": null,
        "Microsoft.VSTS.TCM.LocalDataSource": null,
        "Microsoft.VSTS.TCM.AutomationStatus": null,
        "System.History": null
      },
      "relations": [
        {
          "rel": "System.LinkTypes.Hierarchy-Forward",
          "url": "https://dev.azure.com/rco-llc/_apis/wit/workItems/165",
          "attributes": {
            "isLocked": "false",
            "comment": "Making a new link for the dependency",
            "name": "Child"
          }
        },
        {
          "rel": "System.LinkTypes.Hierarchy-Reverse",
          "url": "https://dev.azure.com/rco-llc/_apis/wit/workItems/98",
          "attributes": {
            "isLocked": "false",
            "comment": "Making a new link for the dependency",
            "name": "Parent"
          }
        },
        {
          "rel": "System.LinkTypes.Hierarchy-Forward",
          "url": "https://dev.azure.com/rco-llc/_apis/wit/workItems/164",
          "attributes": {
            "isLocked": "false",
            "comment": "Making a new link for the dependency",
            "name": "Child"
          }
        },
        {
          "rel": "System.LinkTypes.Hierarchy-Forward",
          "url": "https://dev.azure.com/rco-llc/_apis/wit/workItems/163",
          "attributes": {
            "isLocked": "false",
            "comment": "Making a new link for the dependency",
            "name": "Child"
          }
        },
        {
          "rel": "System.LinkTypes.Hierarchy-Forward",
          "url": "https://dev.azure.com/rco-llc/_apis/wit/workItems/170",
          "attributes": {
            "isLocked": "false",
            "comment": "Making a new link for the dependency",
            "name": "Child"
          }
        },
        {
          "rel": "System.LinkTypes.Hierarchy-Forward",
          "url": "https://dev.azure.com/rco-llc/_apis/wit/workItems/169",
          "attributes": {
            "isLocked": "false",
            "comment": "Making a new link for the dependency",
            "name": "Child"
          }
        },
        {
          "rel": "System.LinkTypes.Hierarchy-Forward",
          "url": "https://dev.azure.com/rco-llc/_apis/wit/workItems/168",
          "attributes": {
            "isLocked": "false",
            "comment": "Making a new link for the dependency",
            "name": "Child"
          }
        },
        {
          "rel": "System.LinkTypes.Hierarchy-Forward",
          "url": "https://dev.azure.com/rco-llc/_apis/wit/workItems/167",
          "attributes": {
            "isLocked": "false",
            "comment": "Making a new link for the dependency",
            "name": "Child"
          }
        },
        {
          "rel": "System.LinkTypes.Hierarchy-Forward",
          "url": "https://dev.azure.com/rco-llc/_apis/wit/workItems/171",
          "attributes": {
            "isLocked": "false",
            "comment": "Making a new link for the dependency",
            "name": "Child"
          }
        },
        {
          "rel": "System.LinkTypes.Hierarchy-Forward",
          "url": "https://dev.azure.com/rco-llc/_apis/wit/workItems/166",
          "attributes": {
            "isLocked": "false",
            "comment": "Making a new link for the dependency",
            "name": "Child"
          }
        }
      ],
      "url": "https://dev.azure.com/rco-llc/_apis/wit/workItems/101"
    },
    {
      "id": 102,
      "rev": 4,
      "fields": {
        "System.AreaPath": "Cloud Adoption Plan",
        "System.TeamProject": "Cloud Adoption Plan",
        "System.IterationPath": "Cloud Adoption Plan",
        "System.WorkItemType": "Feature",
        "System.State": "New",
        "System.Reason": "New",
        "System.CreatedDate": "2020-06-25T15:49:36.57Z",
        "System.CreatedBy": "Mark (RCO-LLC) <mark@readycloudone.com>",
        "System.ChangedDate": "2020-07-18T19:32:06.287Z",
        "System.ChangedBy": "Mark (RCO-LLC) <mark@readycloudone.com>",
        "System.Title": "Landing zone creation",
        "Microsoft.VSTS.Scheduling.Effort": 0.0,
        "System.Description": "Landing zone creation",
        "System.AssignedTo": null,
        "Microsoft.VSTS.Scheduling.RemainingWork": 0.0,
        "Microsoft.VSTS.Common.Priority": 2.0,
        "System.BoardLane": null,
        "System.Tags": "Ready",
        "Microsoft.VSTS.TCM.Steps": null,
        "Microsoft.VSTS.TCM.Parameters": null,
        "Microsoft.VSTS.TCM.LocalDataSource": null,
        "Microsoft.VSTS.TCM.AutomationStatus": null,
        "System.History": null
      },
      "relations": [
        {
          "rel": "System.LinkTypes.Hierarchy-Forward",
          "url": "https://dev.azure.com/rco-llc/_apis/wit/workItems/178",
          "attributes": {
            "isLocked": "false",
            "comment": "Making a new link for the dependency",
            "name": "Child"
          }
        },
        {
          "rel": "System.LinkTypes.Hierarchy-Forward",
          "url": "https://dev.azure.com/rco-llc/_apis/wit/workItems/176",
          "attributes": {
            "isLocked": "false",
            "comment": "Making a new link for the dependency",
            "name": "Child"
          }
        },
        {
          "rel": "System.LinkTypes.Hierarchy-Forward",
          "url": "https://dev.azure.com/rco-llc/_apis/wit/workItems/175",
          "attributes": {
            "isLocked": "false",
            "comment": "Making a new link for the dependency",
            "name": "Child"
          }
        },
        {
          "rel": "System.LinkTypes.Hierarchy-Reverse",
          "url": "https://dev.azure.com/rco-llc/_apis/wit/workItems/96",
          "attributes": {
            "isLocked": "false",
            "comment": "Making a new link for the dependency",
            "name": "Parent"
          }
        },
        {
          "rel": "System.LinkTypes.Hierarchy-Forward",
          "url": "https://dev.azure.com/rco-llc/_apis/wit/workItems/177",
          "attributes": {
            "isLocked": "false",
            "comment": "Making a new link for the dependency",
            "name": "Child"
          }
        }
      ],
      "url": "https://dev.azure.com/rco-llc/_apis/wit/workItems/102"
    },
    {
      "id": 104,
      "rev": 6,
      "fields": {
        "System.AreaPath": "Cloud Adoption Plan",
        "System.TeamProject": "Cloud Adoption Plan",
        "System.IterationPath": "Cloud Adoption Plan",
        "System.WorkItemType": "Feature",
        "System.State": "New",
        "System.Reason": "Moved to the backlog",
        "System.CreatedDate": "2020-06-25T15:49:36.887Z",
        "System.CreatedBy": "Mark (RCO-LLC) <mark@readycloudone.com>",
        "System.ChangedDate": "2020-07-27T19:03:42.693Z",
        "System.ChangedBy": "Mark (RCO-LLC) <mark@readycloudone.com>",
        "System.Title": "Define Adoption Strategy",
        "Microsoft.VSTS.Scheduling.Effort": 0.0,
        "System.Description": "Define Adoption Strategy",
        "System.AssignedTo": null,
        "Microsoft.VSTS.Scheduling.RemainingWork": 0.0,
        "Microsoft.VSTS.Common.Priority": 1.0,
        "System.BoardLane": null,
        "System.Tags": "Strategy",
        "Microsoft.VSTS.TCM.Steps": null,
        "Microsoft.VSTS.TCM.Parameters": null,
        "Microsoft.VSTS.TCM.LocalDataSource": null,
        "Microsoft.VSTS.TCM.AutomationStatus": null,
        "System.History": null
      },
      "relations": [
        {
          "rel": "System.LinkTypes.Hierarchy-Forward",
          "url": "https://dev.azure.com/rco-llc/_apis/wit/workItems/186",
          "attributes": {
            "isLocked": "false",
            "comment": "Making a new link for the dependency",
            "name": "Child"
          }
        },
        {
          "rel": "System.LinkTypes.Hierarchy-Reverse",
          "url": "https://dev.azure.com/rco-llc/_apis/wit/workItems/94",
          "attributes": {
            "isLocked": "false",
            "comment": "Making a new link for the dependency",
            "name": "Parent"
          }
        },
        {
          "rel": "System.LinkTypes.Hierarchy-Forward",
          "url": "https://dev.azure.com/rco-llc/_apis/wit/workItems/184",
          "attributes": {
            "isLocked": "false",
            "comment": "Making a new link for the dependency",
            "name": "Child"
          }
        },
        {
          "rel": "System.LinkTypes.Hierarchy-Forward",
          "url": "https://dev.azure.com/rco-llc/_apis/wit/workItems/185",
          "attributes": {
            "isLocked": "false",
            "comment": "Making a new link for the dependency",
            "name": "Child"
          }
        },
        {
          "rel": "System.LinkTypes.Hierarchy-Forward",
          "url": "https://dev.azure.com/rco-llc/_apis/wit/workItems/183",
          "attributes": {
            "isLocked": "false",
            "comment": "Making a new link for the dependency",
            "name": "Child"
          }
        }
      ],
      "url": "https://dev.azure.com/rco-llc/_apis/wit/workItems/104"
    },
    {
      "id": 103,
      "rev": 5,
      "fields": {
        "System.AreaPath": "Cloud Adoption Plan",
        "System.TeamProject": "Cloud Adoption Plan",
        "System.IterationPath": "Cloud Adoption Plan",
        "System.WorkItemType": "Feature",
        "System.State": "New",
        "System.Reason": "Moved to the backlog",
        "System.CreatedDate": "2020-06-25T15:49:36.74Z",
        "System.CreatedBy": "Mark (RCO-LLC) <mark@readycloudone.com>",
        "System.ChangedDate": "2020-07-27T19:03:42.693Z",
        "System.ChangedBy": "Mark (RCO-LLC) <mark@readycloudone.com>",
        "System.Title": "Define the Cloud Adoption Plan",
        "Microsoft.VSTS.Scheduling.Effort": 0.0,
        "System.Description": "Define the Cloud Adoption Plan",
        "System.AssignedTo": null,
        "Microsoft.VSTS.Scheduling.RemainingWork": 0.0,
        "Microsoft.VSTS.Common.Priority": 2.0,
        "System.BoardLane": null,
        "System.Tags": "Plan",
        "Microsoft.VSTS.TCM.Steps": null,
        "Microsoft.VSTS.TCM.Parameters": null,
        "Microsoft.VSTS.TCM.LocalDataSource": null,
        "Microsoft.VSTS.TCM.AutomationStatus": null,
        "System.History": null
      },
      "relations": [
        {
          "rel": "System.LinkTypes.Hierarchy-Reverse",
          "url": "https://dev.azure.com/rco-llc/_apis/wit/workItems/95",
          "attributes": {
            "isLocked": "false",
            "comment": "Making a new link for the dependency",
            "name": "Parent"
          }
        },
        {
          "rel": "System.LinkTypes.Hierarchy-Forward",
          "url": "https://dev.azure.com/rco-llc/_apis/wit/workItems/180",
          "attributes": {
            "isLocked": "false",
            "comment": "Making a new link for the dependency",
            "name": "Child"
          }
        },
        {
          "rel": "System.LinkTypes.Hierarchy-Forward",
          "url": "https://dev.azure.com/rco-llc/_apis/wit/workItems/182",
          "attributes": {
            "isLocked": "false",
            "comment": "Making a new link for the dependency",
            "name": "Child"
          }
        },
        {
          "rel": "System.LinkTypes.Hierarchy-Forward",
          "url": "https://dev.azure.com/rco-llc/_apis/wit/workItems/181",
          "attributes": {
            "isLocked": "false",
            "comment": "Making a new link for the dependency",
            "name": "Child"
          }
        },
        {
          "rel": "System.LinkTypes.Hierarchy-Forward",
          "url": "https://dev.azure.com/rco-llc/_apis/wit/workItems/179",
          "attributes": {
            "isLocked": "false",
            "comment": "Making a new link for the dependency",
            "name": "Child"
          }
        }
      ],
      "url": "https://dev.azure.com/rco-llc/_apis/wit/workItems/103"
    }
  ],
  "HttpStatusCode": 0,
  "Message": null
}