{
  "count": 24,
  "value": [
    {
      "id": 180,
      "rev": 2,
      "fields": {
        "System.AreaPath": "Cloud Adoption Plan",
        "System.TeamProject": "Cloud Adoption Plan",
        "System.IterationPath": "Cloud Adoption Plan",
        "System.WorkItemType": "User Story",
        "System.State": "New",
        "System.Reason": "New",
        "System.CreatedDate": "2020-06-25T15:49:50.22Z",
        "System.CreatedBy": "Mark (RCO-LLC) <mark@readycloudone.com>",
        "System.ChangedDate": "2020-07-18T19:25:32.13Z",
        "System.ChangedBy": "Mark (RCO-LLC) <mark@readycloudone.com>",
        "System.Title": "Initial organizational alignment",
        "Microsoft.VSTS.Scheduling.Effort": 0.0,
        "System.Description": "<div><span><span style=\"display:inline !important;background-color:rgb(255, 255, 255);color:rgb(0, 0, 0);font-family:Segoe UI,SegoeUI,Segoe WP,Helvetica Neue,Helvetica,Tahoma,Arial,sans-serif;font-size:16px;list-style-type:decimal;\">Establish a plan for </span><a style=\"cursor:pointer;font-family:Segoe UI,SegoeUI,Segoe WP,Helvetica Neue,Helvetica,Tahoma,Arial,sans-serif;font-size:16px;outline-color:invert;\" href=\"https://docs.microsoft.com/en-us/azure/architecture/cloud-adoption/organization/index\">organizational alignment</a><span style=\"display:inline !important;background-color:rgb(255, 255, 255);color:rgb(0, 0, 0);font-family:Segoe UI,SegoeUI,Segoe WP,Helvetica Neue,Helvetica,Tahoma,Arial,sans-serif;font-size:16px;list-style-type:decimal;\">, included defined </span><a style=\"cursor:pointer;font-family:Segoe UI,SegoeUI,Segoe WP,Helvetica Neue,Helvetica,Tahoma,Arial,sans-serif;font-size:16px;outline-color:invert;\" href=\"https://docs.microsoft.com/en-us/azure/architecture/cloud-adoption/organization/raci-alignment\">RACI diagrams</a><span style=\"display:inline !important;background-color:rgb(255, 255, 255);color:rgb(0, 0, 0);font-family:Segoe UI,SegoeUI,Segoe WP,Helvetica Neue,Helvetica,Tahoma,Arial,sans-serif;font-size:16px;list-style-type:decimal;\">.</span><br></span></div>",
        "System.AssignedTo": null,
        "Microsoft.VSTS.Scheduling.RemainingWork": 0.0,
        "Microsoft.VSTS.Common.Priority": 2.0,
        "System.BoardLane": null,
        "System.Tags": "Plan",
        "Microsoft.VSTS.TCM.Steps": null,
        "Microsoft.VSTS.TCM.Parameters": null,
        "Microsoft.VSTS.TCM.LocalDataSource": null,
        "Microsoft.VSTS.TCM.AutomationStatus": null,
        "System.History": null
      },
      "relations": [
        {
          "rel": "System.LinkTypes.Hierarchy-Reverse",
          "url": "https://dev.azure.com/rco-llc/_apis/wit/workItems/103",
          "attributes": {
            "isLocked": "false",
            "comment": "Making a new link for the dependency",
            "name": "Parent"
          }
        }
      ],
      "url": "https://dev.azure.com/rco-llc/_apis/wit/workItems/180"
    },
    {
      "id": 182,
      "rev": 2,
      "fields": {
        "System.AreaPath": "Cloud Adoption Plan",
        "System.TeamProject": "Cloud Adoption Plan",
        "System.IterationPath": "Cloud Adoption Plan",
        "System.WorkItemType": "User Story",
        "System.State": "New",
        "System.Reason": "New",
        "System.CreatedDate": "2020-06-25T15:49:50.82Z",
        "System.CreatedBy": "Mark (RCO-LLC) <mark@readycloudone.com>",
        "System.ChangedDate": "2020-07-18T19:25:46.353Z",
        "System.ChangedBy": "Mark (RCO-LLC) <mark@readycloudone.com>",
        "System.Title": "Update this Cloud Adoption Plan",
        "Microsoft.VSTS.Scheduling.Effort": 0.0,
        "System.Description": "<div><span><span style=\"display:inline !important;background-color:rgb(255, 255, 255);color:rgb(0, 0, 0);font-family:Segoe UI,SegoeUI,Segoe WP,Helvetica Neue,Helvetica,Tahoma,Arial,sans-serif;font-size:16px;list-style-type:decimal;\">Update this </span><a style=\"cursor:pointer;font-family:Segoe UI,SegoeUI,Segoe WP,Helvetica Neue,Helvetica,Tahoma,Arial,sans-serif;font-size:16px;outline-color:invert;\" href=\"https://docs.microsoft.com/en-us/azure/architecture/cloud-adoption/plan/plan-intro\">cloud adoption plan</a><span style=\"display:inline !important;background-color:rgb(255, 255, 255);color:rgb(0, 0, 0);font-family:Segoe UI,SegoeUI,Segoe WP,Helvetica Neue,Helvetica,Tahoma,Arial,sans-serif;font-size:16px;list-style-type:decimal;\"> to manage effort and change.</span><br></span></div>",
        "System.AssignedTo": null,
        "Microsoft.VSTS.Scheduling.RemainingWork": 0.0,
        "Microsoft.VSTS.Common.Priority": 2.0,
        "System.BoardLane": null,
        "System.Tags": "Plan",
        "Microsoft.VSTS.TCM.Steps": null,
        "Microsoft.VSTS.TCM.Parameters": null,
        "Microsoft.VSTS.TCM.LocalDataSource": null,
        "Microsoft.VSTS.TCM.AutomationStatus": null,
        "System.History": null
      },
      "relations": [
        {
          "rel": "System.LinkTypes.Hierarchy-Reverse",
          "url": "https://dev.azure.com/rco-llc/_apis/wit/workItems/103",
          "attributes": {
            "isLocked": "false",
            "comment": "Making a new link for the dependency",
            "name": "Parent"
          }
        },
        {
          "rel": "System.LinkTypes.Hierarchy-Forward",
          "url": "https://dev.azure.com/rco-llc/_apis/wit/workItems/106",
          "attributes": {
            "isLocked": "false",
            "comment": "Making a new link for the dependency",
            "name": "Child"
          }
        },
        {
          "rel": "System.LinkTypes.Hierarchy-Forward",
          "url": "https://dev.azure.com/rco-llc/_apis/wit/workItems/107",
          "attributes": {
            "isLocked": "false",
            "comment": "Making a new link for the dependency",
            "name": "Child"
          }
        },
        {
          "rel": "System.LinkTypes.Hierarchy-Forward",
          "url": "https://dev.azure.com/rco-llc/_apis/wit/workItems/105",
          "attributes": {
            "isLocked": "false",
            "comment": "Making a new link for the dependency",
            "name": "Child"
          }
        },
        {
          "rel": "System.LinkTypes.Hierarchy-Forward",
          "url": "https://dev.azure.com/rco-llc/_apis/wit/workItems/108",
          "attributes": {
            "isLocked": "false",
            "comment": "Making a new link for the dependency",
            "name": "Child"
          }
        }
      ],
      "url": "https://dev.azure.com/rco-llc/_apis/wit/workItems/182"
    },
    {
      "id": 181,
      "rev": 2,
      "fields": {
        "System.AreaPath": "Cloud Adoption Plan",
        "System.TeamProject": "Cloud Adoption Plan",
        "System.IterationPath": "Cloud Adoption Plan",
        "System.WorkItemType": "User Story",
        "System.State": "New",
        "System.Reason": "New",
        "System.CreatedDate": "2020-06-25T15:49:50.363Z",
        "System.CreatedBy": "Mark (RCO-LLC) <mark@readycloudone.com>",
        "System.ChangedDate": "2020-07-18T19:25:40.62Z",
        "System.ChangedBy": "Mark (RCO-LLC) <mark@readycloudone.com>",
        "System.Title": "Skills readiness plan",
        "Microsoft.VSTS.Scheduling.Effort": 0.0,
        "System.Description": "<div><span><span style=\"display:inline !important;background-color:rgb(255, 255, 255);color:rgb(0, 0, 0);font-family:Segoe UI,SegoeUI,Segoe WP,Helvetica Neue,Helvetica,Tahoma,Arial,sans-serif;font-size:16px;list-style-type:decimal;\">Create a plan for addressing </span><a style=\"cursor:pointer;font-family:Segoe UI,SegoeUI,Segoe WP,Helvetica Neue,Helvetica,Tahoma,Arial,sans-serif;font-size:16px;outline-color:invert;\" href=\"https://docs.microsoft.com/en-in/azure/cloud-adoption-framework/ready/suggested-skills\">skills readiness gaps</a><span style=\"display:inline !important;background-color:rgb(255, 255, 255);color:rgb(0, 0, 0);font-family:Segoe UI,SegoeUI,Segoe WP,Helvetica Neue,Helvetica,Tahoma,Arial,sans-serif;font-size:16px;list-style-type:decimal;\">.</span><br></span></div>",
        "System.AssignedTo": null,
        "Microsoft.VSTS.Scheduling.RemainingWork": 0.0,
        "Microsoft.VSTS.Common.Priority": 2.0,
        "System.BoardLane": null,
        "System.Tags": "Plan",
        "Microsoft.VSTS.TCM.Steps": null,
        "Microsoft.VSTS.TCM.Parameters": null,
        "Microsoft.VSTS.TCM.LocalDataSource": null,
        "Microsoft.VSTS.TCM.AutomationStatus": null,
        "System.History": null
      },
      "relations": [
        {
          "rel": "System.LinkTypes.Hierarchy-Reverse",
          "url": "https://dev.azure.com/rco-llc/_apis/wit/workItems/103",
          "attributes": {
            "isLocked": "false",
            "comment": "Making a new link for the dependency",
            "name": "Parent"
          }
        }
      ],
      "url": "https://dev.azure.com/rco-llc/_apis/wit/workItems/181"
    },
    {
      "id": 175,
      "rev": 7,
      "fields": {
        "System.AreaPath": "Cloud Adoption Plan",
        "System.TeamProject": "Cloud Adoption Plan",
        "System.IterationPath": "Cloud Adoption Plan",
        "System.WorkItemType": "User Story",
        "System.State": "Active",
        "System.Reason": "Implementation started",
        "System.CreatedDate": "2020-06-25T15:49:49.547Z",
        "System.CreatedBy": "Mark (RCO-LLC) <mark@readycloudone.com>",
        "System.ChangedDate": "2020-07-27T19:17:18.457Z",
        "System.ChangedBy": "Mark (RCO-LLC) <mark@readycloudone.com>",
        "System.Title": "Azure Readiness Guide",
        "Microsoft.VSTS.Scheduling.Effort": 0.0,
        "System.Description": "<div><span><span style=\"display:inline !important;background-color:rgb(255, 255, 255);color:rgb(0, 0, 0);font-family:Segoe UI,SegoeUI,Segoe WP,Helvetica Neue,Helvetica,Tahoma,Arial,sans-serif;font-size:16px;list-style-type:decimal;\">Review the </span><a style=\"cursor:pointer;font-family:Segoe UI,SegoeUI,Segoe WP,Helvetica Neue,Helvetica,Tahoma,Arial,sans-serif;font-size:16px;outline-color:invert;\" href=\"https://docs.microsoft.com/en-us/azure/architecture/cloud-adoption/ready/azure-readiness-guide/index\">Azure Readiness Guide</a><span style=\"display:inline !important;background-color:rgb(255, 255, 255);color:rgb(0, 0, 0);font-family:Segoe UI,SegoeUI,Segoe WP,Helvetica Neue,Helvetica,Tahoma,Arial,sans-serif;font-size:16px;list-style-type:decimal;\"> to become familiar with the tools and approaches needed in landing zone creation.</span><br></span></div>",
        "System.AssignedTo": null,
        "Microsoft.VSTS.Scheduling.RemainingWork": 0.0,
        "Microsoft.VSTS.Common.Priority": 2.0,
        "System.BoardLane": null,
        "System.Tags": "Ready",
        "Microsoft.VSTS.TCM.Steps": null,
        "Microsoft.VSTS.TCM.Parameters": null,
        "Microsoft.VSTS.TCM.LocalDataSource": null,
        "Microsoft.VSTS.TCM.AutomationStatus": null,
        "System.History": null
      },
      "relations": [
        {
          "rel": "System.LinkTypes.Hierarchy-Reverse",
          "url": "https://dev.azure.com/rco-llc/_apis/wit/workItems/102",
          "attributes": {
            "isLocked": "false",
            "comment": "Making a new link for the dependency",
            "name": "Parent"
          }
        }
      ],
      "url": "https://dev.azure.com/rco-llc/_apis/wit/workItems/175"
    },
    {
      "id": 179,
      "rev": 5,
      "fields": {
        "System.AreaPath": "Cloud Adoption Plan",
        "System.TeamProject": "Cloud Adoption Plan",
        "System.IterationPath": "Cloud Adoption Plan",
        "System.WorkItemType": "User Story",
        "System.State": "Active",
        "System.Reason": "Implementation started",
        "System.CreatedDate": "2020-06-25T15:49:50.077Z",
        "System.CreatedBy": "Mark (RCO-LLC) <mark@readycloudone.com>",
        "System.ChangedDate": "2020-07-27T19:17:18.457Z",
        "System.ChangedBy": "Mark (RCO-LLC) <mark@readycloudone.com>",
        "System.Title": "Digital Estate",
        "Microsoft.VSTS.Scheduling.Effort": 0.0,
        "System.Description": "<div><span><a style=\"cursor:pointer;font-family:Segoe UI,SegoeUI,Segoe WP,Helvetica Neue,Helvetica,Tahoma,Arial,sans-serif;font-size:16px;outline-color:invert;\" href=\"https://docs.microsoft.com/en-us/azure/architecture/cloud-adoption/digital-estate/inventory\">Inventory</a><span style=\"display:inline !important;background-color:rgb(255, 255, 255);color:rgb(0, 0, 0);font-family:Segoe UI,SegoeUI,Segoe WP,Helvetica Neue,Helvetica,Tahoma,Arial,sans-serif;font-size:16px;list-style-type:decimal;\"> and </span><a style=\"cursor:pointer;font-family:Segoe UI,SegoeUI,Segoe WP,Helvetica Neue,Helvetica,Tahoma,Arial,sans-serif;font-size:16px;outline-color:invert;\" href=\"https://docs.microsoft.com/en-us/azure/architecture/cloud-adoption/digital-estate/rationalize\">rationalize the digital estate</a><span style=\"display:inline !important;background-color:rgb(255, 255, 255);color:rgb(0, 0, 0);font-family:Segoe UI,SegoeUI,Segoe WP,Helvetica Neue,Helvetica,Tahoma,Arial,sans-serif;font-size:16px;list-style-type:decimal;\"> based on assumptions which align with motivations and business outcomes.</span><br></span></div>",
        "System.AssignedTo": null,
        "Microsoft.VSTS.Scheduling.RemainingWork": 0.0,
        "Microsoft.VSTS.Common.Priority": 2.0,
        "System.BoardLane": null,
        "System.Tags": "Plan",
        "Microsoft.VSTS.TCM.Steps": null,
        "Microsoft.VSTS.TCM.Parameters": null,
        "Microsoft.VSTS.TCM.LocalDataSource": null,
        "Microsoft.VSTS.TCM.AutomationStatus": null,
        "System.History": null
      },
      "relations": [
        {
          "rel": "System.LinkTypes.Hierarchy-Reverse",
          "url": "https://dev.azure.com/rco-llc/_apis/wit/workItems/103",
          "attributes": {
            "isLocked": "false",
            "comment": "Making a new link for the dependency",
            "name": "Parent"
          }
        }
      ],
      "url": "https://dev.azure.com/rco-llc/_apis/wit/workItems/179"
    },
    {
      "id": 186,
      "rev": 1,
      "fields": {
        "System.AreaPath": "Cloud Adoption Plan",
        "System.TeamProject": "Cloud Adoption Plan",
        "System.IterationPath": "Cloud Adoption Plan",
        "System.WorkItemType": "User Story",
        "System.State": "New",
        "System.Reason": "New",
        "System.CreatedDate": "2020-06-25T15:49:51.93Z",
        "System.CreatedBy": "Mark (RCO-LLC) <mark@readycloudone.com>",
        "System.ChangedDate": "2020-06-25T15:49:51.93Z",
        "System.ChangedBy": "Mark (RCO-LLC) <mark@readycloudone.com>",
        "System.Title": "First Adoption Project",
        "Microsoft.VSTS.Scheduling.Effort": 0.0,
        "System.Description": "<div><span><span style=\"display:inline !important;background-color:rgb(255, 255, 255);color:rgb(0, 0, 0);font-family:Segoe UI,SegoeUI,Segoe WP,Helvetica Neue,Helvetica,Tahoma,Arial,sans-serif;font-size:16px;list-style-type:decimal;\">In parallel to strategy and plan development, technical staff should begin implementation of a </span><a style=\"cursor:pointer;font-family:Segoe UI,SegoeUI,Segoe WP,Helvetica Neue,Helvetica,Tahoma,Arial,sans-serif;font-size:16px;outline-color:invert;\" href=\"https://docs.microsoft.com/en-us/azure/architecture/cloud-adoption/business-strategy/first-adoption-project\">first adoption project</a><span style=\"display:inline !important;background-color:rgb(255, 255, 255);color:rgb(0, 0, 0);font-family:Segoe UI,SegoeUI,Segoe WP,Helvetica Neue,Helvetica,Tahoma,Arial,sans-serif;font-size:16px;list-style-type:decimal;\"> to expand cloud skills.</span><br></span></div>",
        "System.AssignedTo": null,
        "Microsoft.VSTS.Scheduling.RemainingWork": 0.0,
        "Microsoft.VSTS.Common.Priority": 2.0,
        "System.BoardLane": null,
        "System.Tags": "Strategy",
        "Microsoft.VSTS.TCM.Steps": null,
        "Microsoft.VSTS.TCM.Parameters": null,
        "Microsoft.VSTS.TCM.LocalDataSource": null,
        "Microsoft.VSTS.TCM.AutomationStatus": null,
        "System.History": null
      },
      "relations": [
        {
          "rel": "System.LinkTypes.Hierarchy-Reverse",
          "url": "https://dev.azure.com/rco-llc/_apis/wit/workItems/104",
          "attributes": {
            "isLocked": "false",
            "comment": "Making a new link for the dependency",
            "name": "Parent"
          }
        }
      ],
      "url": "https://dev.azure.com/rco-llc/_apis/wit/workItems/186"
    },
    {
      "id": 185,
      "rev": 1,
      "fields": {
        "System.AreaPath": "Cloud Adoption Plan",
        "System.TeamProject": "Cloud Adoption Plan",
        "System.IterationPath": "Cloud Adoption Plan",
        "System.WorkItemType": "User Story",
        "System.State": "New",
        "System.Reason": "New",
        "System.CreatedDate": "2020-06-25T15:49:51.737Z",
        "System.CreatedBy": "Mark (RCO-LLC) <mark@readycloudone.com>",
        "System.ChangedDate": "2020-06-25T15:49:51.737Z",
        "System.ChangedBy": "Mark (RCO-LLC) <mark@readycloudone.com>",
        "System.Title": "Business Case",
        "Microsoft.VSTS.Scheduling.Effort": 0.0,
        "System.Description": "<div><span><span style=\"display:inline !important;background-color:rgb(255, 255, 255);color:rgb(0, 0, 0);font-family:Segoe UI,SegoeUI,Segoe WP,Helvetica Neue,Helvetica,Tahoma,Arial,sans-serif;font-size:16px;list-style-type:decimal;\">Develop a </span><a style=\"cursor:pointer;font-family:Segoe UI,SegoeUI,Segoe WP,Helvetica Neue,Helvetica,Tahoma,Arial,sans-serif;font-size:16px;outline-color:invert;\" href=\"https://docs.microsoft.com/en-us/azure/architecture/cloud-adoption/business-strategy/cloud-migration-business-case\">business case</a><span style=\"display:inline !important;background-color:rgb(255, 255, 255);color:rgb(0, 0, 0);font-family:Segoe UI,SegoeUI,Segoe WP,Helvetica Neue,Helvetica,Tahoma,Arial,sans-serif;font-size:16px;list-style-type:decimal;\"> to validate the financial model supporting the motivations and outcomes.</span><br></span></div>",
        "System.AssignedTo": null,
        "Microsoft.VSTS.Scheduling.RemainingWork": 0.0,
        "Microsoft.VSTS.Common.Priority": 2.0,
        "System.BoardLane": null,
        "System.Tags": "Strategy",
        "Microsoft.VSTS.TCM.Steps": null,
        "Microsoft.VSTS.TCM.Parameters": null,
        "Microsoft.VSTS.TCM.LocalDataSource": null,
        "Microsoft.VSTS.TCM.AutomationStatus": null,
        "System.History": null
      },
      "relations": [
        {
          "rel": "System.LinkTypes.Hierarchy-Reverse",
          "url": "https://dev.azure.com/rco-llc/_apis/wit/workItems/104",
          "attributes": {
            "isLocked": "false",
            "comment": "Making a new link for the dependency",
            "name": "Parent"
          }
        }
      ],
      "url": "https://dev.azure.com/rco-llc/_apis/wit/workItems/185"
    },
    {
      "id": 184,
      "rev": 1,
      "fields": {
        "System.AreaPath": "Cloud Adoption Plan",
        "System.TeamProject": "Cloud Adoption Plan",
        "System.IterationPath": "Cloud Adoption Plan",
        "System.WorkItemType": "User Story",
        "System.State": "New",
        "System.Reason": "New",
        "System.CreatedDate": "2020-06-25T15:49:51.313Z",
        "System.CreatedBy": "Mark (RCO-LLC) <mark@readycloudone.com>",
        "System.ChangedDate": "2020-06-25T15:49:51.313Z",
        "System.ChangedBy": "Mark (RCO-LLC) <mark@readycloudone.com>",
        "System.Title": "Business Outcomes",
        "Microsoft.VSTS.Scheduling.Effort": 0.0,
        "System.Description": "<div><span><span style=\"display:inline !important;background-color:rgb(255, 255, 255);color:rgb(0, 0, 0);font-family:Segoe UI,SegoeUI,Segoe WP,Helvetica Neue,Helvetica,Tahoma,Arial,sans-serif;font-size:16px;list-style-type:decimal;\">Engage motivated stakeholders and executives to document specific </span><a style=\"cursor:pointer;font-family:Segoe UI,SegoeUI,Segoe WP,Helvetica Neue,Helvetica,Tahoma,Arial,sans-serif;font-size:16px;outline-color:invert;\" href=\"https://docs.microsoft.com/en-us/azure/architecture/cloud-adoption/business-strategy/business-outcomes/index\">business outcomes</a><span style=\"display:inline !important;background-color:rgb(255, 255, 255);color:rgb(0, 0, 0);font-family:Segoe UI,SegoeUI,Segoe WP,Helvetica Neue,Helvetica,Tahoma,Arial,sans-serif;font-size:16px;list-style-type:decimal;\">.</span><br></span></div>",
        "System.AssignedTo": null,
        "Microsoft.VSTS.Scheduling.RemainingWork": 0.0,
        "Microsoft.VSTS.Common.Priority": 2.0,
        "System.BoardLane": null,
        "System.Tags": "Strategy",
        "Microsoft.VSTS.TCM.Steps": null,
        "Microsoft.VSTS.TCM.Parameters": null,
        "Microsoft.VSTS.TCM.LocalDataSource": null,
        "Microsoft.VSTS.TCM.AutomationStatus": null,
        "System.History": null
      },
      "relations": [
        {
          "rel": "System.LinkTypes.Hierarchy-Reverse",
          "url": "https://dev.azure.com/rco-llc/_apis/wit/workItems/104",
          "attributes": {
            "isLocked": "false",
            "comment": "Making a new link for the dependency",
            "name": "Parent"
          }
        }
      ],
      "url": "https://dev.azure.com/rco-llc/_apis/wit/workItems/184"
    },
    {
      "id": 183,
      "rev": 1,
      "fields": {
        "System.AreaPath": "Cloud Adoption Plan",
        "System.TeamProject": "Cloud Adoption Plan",
        "System.IterationPath": "Cloud Adoption Plan",
        "System.WorkItemType": "User Story",
        "System.State": "New",
        "System.Reason": "New",
        "System.CreatedDate": "2020-06-25T15:49:51Z",
        "System.CreatedBy": "Mark (RCO-LLC) <mark@readycloudone.com>",
        "System.ChangedDate": "2020-06-25T15:49:51Z",
        "System.ChangedBy": "Mark (RCO-LLC) <mark@readycloudone.com>",
        "System.Title": "Motivations",
        "Microsoft.VSTS.Scheduling.Effort": 0.0,
        "System.Description": "<div><span style=\"display:inline !important;background-color:rgb(255, 255, 255);font-family:Segoe UI,SegoeUI,Segoe WP,Helvetica Neue,Helvetica,Tahoma,Arial,sans-serif;\">Meet with key stakeholders and executives to d</span><span><span style=\"display:inline !important;background-color:rgb(255, 255, 255);color:rgb(0, 0, 0);font-family:Segoe UI,SegoeUI,Segoe WP,Helvetica Neue,Helvetica,Tahoma,Arial,sans-serif;font-size:16px;list-style-type:decimal;\">ocument the </span><a style=\"cursor:pointer;font-family:Segoe UI,SegoeUI,Segoe WP,Helvetica Neue,Helvetica,Tahoma,Arial,sans-serif;font-size:16px;outline-color:invert;\" href=\"https://docs.microsoft.com/en-us/azure/architecture/cloud-adoption/business-strategy/motivations-why-are-we-moving-to-the-cloud\">motivations</a><span style=\"display:inline !important;background-color:rgb(255, 255, 255);color:rgb(0, 0, 0);font-family:Segoe UI,SegoeUI,Segoe WP,Helvetica Neue,Helvetica,Tahoma,Arial,sans-serif;font-size:16px;list-style-type:decimal;\"> which are driving an interest in cloud adoption.</span><br></span></div>",
        "System.AssignedTo": null,
        "Microsoft.VSTS.Scheduling.RemainingWork": 0.0,
        "Microsoft.VSTS.Common.Priority": 2.0,
        "System.BoardLane": null,
        "System.Tags": "Strategy",
        "Microsoft.VSTS.TCM.Steps": null,
        "Microsoft.VSTS.TCM.Parameters": null,
        "Microsoft.VSTS.TCM.LocalDataSource": null,
        "Microsoft.VSTS.TCM.AutomationStatus": null,
        "System.History": null
      },
      "relations": [
        {
          "rel": "System.LinkTypes.Hierarchy-Reverse",
          "url": "https://dev.azure.com/rco-llc/_apis/wit/workItems/104",
          "attributes": {
            "isLocked": "false",
            "comment": "Making a new link for the dependency",
            "name": "Parent"
          }
        }
      ],
      "url": "https://dev.azure.com/rco-llc/_apis/wit/workItems/183"
    },
    {
      "id": 178,
      "rev": 1,
      "fields": {
        "System.AreaPath": "Cloud Adoption Plan",
        "System.TeamProject": "Cloud Adoption Plan",
        "System.IterationPath": "Cloud Adoption Plan",
        "System.WorkItemType": "User Story",
        "System.State": "New",
        "System.Reason": "New",
        "System.CreatedDate": "2020-06-25T15:49:49.94Z",
        "System.CreatedBy": "Mark (RCO-LLC) <mark@readycloudone.com>",
        "System.ChangedDate": "2020-06-25T15:49:49.94Z",
        "System.ChangedBy": "Mark (RCO-LLC) <mark@readycloudone.com>",
        "System.Title": "Deploy the modified blueprint",
        "Microsoft.VSTS.Scheduling.Effort": 0.0,
        "System.Description": "<div><span><span style=\"display:inline !important;background-color:rgb(255, 255, 255);color:rgb(0, 0, 0);font-family:Segoe UI,SegoeUI,Segoe WP,Helvetica Neue,Helvetica,Tahoma,Arial,sans-serif;font-size:16px;list-style-type:decimal;\">Update the landing zone blueprint based on the impacted considerations and deploy the modified blueprint.</span><br></span></div>",
        "System.AssignedTo": null,
        "Microsoft.VSTS.Scheduling.RemainingWork": 0.0,
        "Microsoft.VSTS.Common.Priority": 2.0,
        "System.BoardLane": null,
        "System.Tags": "Ready",
        "Microsoft.VSTS.TCM.Steps": null,
        "Microsoft.VSTS.TCM.Parameters": null,
        "Microsoft.VSTS.TCM.LocalDataSource": null,
        "Microsoft.VSTS.TCM.AutomationStatus": null,
        "System.History": null
      },
      "relations": [
        {
          "rel": "System.LinkTypes.Hierarchy-Reverse",
          "url": "https://dev.azure.com/rco-llc/_apis/wit/workItems/102",
          "attributes": {
            "isLocked": "false",
            "comment": "Making a new link for the dependency",
            "name": "Parent"
          }
        }
      ],
      "url": "https://dev.azure.com/rco-llc/_apis/wit/workItems/178"
    },
    {
      "id": 177,
      "rev": 1,
      "fields": {
        "System.AreaPath": "Cloud Adoption Plan",
        "System.TeamProject": "Cloud Adoption Plan",
        "System.IterationPath": "Cloud Adoption Plan",
        "System.WorkItemType": "User Story",
        "System.State": "New",
        "System.Reason": "New",
        "System.CreatedDate": "2020-06-25T15:49:49.81Z",
        "System.CreatedBy": "Mark (RCO-LLC) <mark@readycloudone.com>",
        "System.ChangedDate": "2020-06-25T15:49:49.81Z",
        "System.ChangedBy": "Mark (RCO-LLC) <mark@readycloudone.com>",
        "System.Title": "Landing zone considerations",
        "Microsoft.VSTS.Scheduling.Effort": 0.0,
        "System.Description": "<div><span><span style=\"display:inline !important;background-color:rgb(255, 255, 255);color:rgb(0, 0, 0);font-family:Segoe UI,SegoeUI,Segoe WP,Helvetica Neue,Helvetica,Tahoma,Arial,sans-serif;font-size:16px;list-style-type:decimal;\">Review </span><a style=\"cursor:pointer;font-family:Segoe UI,SegoeUI,Segoe WP,Helvetica Neue,Helvetica,Tahoma,Arial,sans-serif;font-size:16px;outline-color:invert;\" href=\"https://docs.microsoft.com/en-us/azure/architecture/cloud-adoption/ready/considerations/index\">landing zone considerations</a><span style=\"display:inline !important;background-color:rgb(255, 255, 255);color:rgb(0, 0, 0);font-family:Segoe UI,SegoeUI,Segoe WP,Helvetica Neue,Helvetica,Tahoma,Arial,sans-serif;font-size:16px;list-style-type:decimal;\"> to understand the alternative decisions which could impact your landing zone design.</span><br></span></div>",
        "System.AssignedTo": null,
        "Microsoft.VSTS.Scheduling.RemainingWork": 0.0,
        "Microsoft.VSTS.Common.Priority": 2.0,
        "System.BoardLane": null,
        "System.Tags": "Ready",
        "Microsoft.VSTS.TCM.Steps": null,
        "Microsoft.VSTS.TCM.Parameters": null,
        "Microsoft.VSTS.TCM.LocalDataSource": null,
        "Microsoft.VSTS.TCM.AutomationStatus": null,
        "System.History": null
      },
      "relations": [
        {
          "rel": "System.LinkTypes.Hierarchy-Reverse",
          "url": "https://dev.azure.com/rco-llc/_apis/wit/workItems/102",
          "attributes": {
            "isLocked": "false",
            "comment": "Making a new link for the dependency",
            "name": "Parent"
          }
        }
      ],
      "url": "https://dev.azure.com/rco-llc/_apis/wit/workItems/177"
    },
    {
      "id": 176,
      "rev": 1,
      "fields": {
        "System.AreaPath": "Cloud Adoption Plan",
        "System.TeamProject": "Cloud Adoption Plan",
        "System.IterationPath": "Cloud Adoption Plan",
        "System.WorkItemType": "User Story",
        "System.State": "New",
        "System.Reason": "New",
        "System.CreatedDate": "2020-06-25T15:49:49.68Z",
        "System.CreatedBy": "Mark (RCO-LLC) <mark@readycloudone.com>",
        "System.ChangedDate": "2020-06-25T15:49:49.68Z",
        "System.ChangedBy": "Mark (RCO-LLC) <mark@readycloudone.com>",
        "System.Title": "CAF Migrate Landing Zone blueprint",
        "Microsoft.VSTS.Scheduling.Effort": 0.0,
        "System.Description": "<div><span><span style=\"display:inline !important;background-color:rgb(255, 255, 255);color:rgb(0, 0, 0);font-family:Segoe UI,SegoeUI,Segoe WP,Helvetica Neue,Helvetica,Tahoma,Arial,sans-serif;font-size:16px;list-style-type:decimal;\">Evaluate the </span><a style=\"cursor:pointer;font-family:Segoe UI,SegoeUI,Segoe WP,Helvetica Neue,Helvetica,Tahoma,Arial,sans-serif;font-size:16px;outline-color:invert;\" href=\"https://docs.microsoft.com/en-us/azure/architecture/cloud-adoption/ready/azure-readiness-guide/migration-landing-zone\">CAF Migrate Landing Zone blueprint</a><span style=\"display:inline !important;background-color:rgb(255, 255, 255);color:rgb(0, 0, 0);font-family:Segoe UI,SegoeUI,Segoe WP,Helvetica Neue,Helvetica,Tahoma,Arial,sans-serif;font-size:16px;list-style-type:decimal;\">. If the assumptions and decisions in that article align to your business and technical objectives, the blueprint can be used to create your landing zone.</span><br></span></div>",
        "System.AssignedTo": null,
        "Microsoft.VSTS.Scheduling.RemainingWork": 0.0,
        "Microsoft.VSTS.Common.Priority": 2.0,
        "System.BoardLane": null,
        "System.Tags": "Ready",
        "Microsoft.VSTS.TCM.Steps": null,
        "Microsoft.VSTS.TCM.Parameters": null,
        "Microsoft.VSTS.TCM.LocalDataSource": null,
        "Microsoft.VSTS.TCM.AutomationStatus": null,
        "System.History": null
      },
      "relations": [
        {
          "rel": "System.LinkTypes.Hierarchy-Reverse",
          "url": "https://dev.azure.com/rco-llc/_apis/wit/workItems/102",
          "attributes": {
            "isLocked": "false",
            "comment": "Making a new link for the dependency",
            "name": "Parent"
          }
        }
      ],
      "url": "https://dev.azure.com/rco-llc/_apis/wit/workItems/176"
    },
    {
      "id": 174,
      "rev": 1,
      "fields": {
        "System.AreaPath": "Cloud Adoption Plan",
        "System.TeamProject": "Cloud Adoption Plan",
        "System.IterationPath": "Cloud Adoption Plan",
        "System.WorkItemType": "User Story",
        "System.State": "New",
        "System.Reason": "New",
        "System.CreatedDate": "2020-06-25T15:49:49.403Z",
        "System.CreatedBy": "Mark (RCO-LLC) <mark@readycloudone.com>",
        "System.ChangedDate": "2020-06-25T15:49:49.403Z",
        "System.ChangedBy": "Mark (RCO-LLC) <mark@readycloudone.com>",
        "System.Title": "Update migration assessment, decision tree, and tooling",
        "Microsoft.VSTS.Scheduling.Effort": 0.0,
        "System.Description": "<div><span>Evaluate the results of the migration from the first host to inform iterative processes</span></div>",
        "System.AssignedTo": null,
        "Microsoft.VSTS.Scheduling.RemainingWork": 0.0,
        "Microsoft.VSTS.Common.Priority": 2.0,
        "System.BoardLane": null,
        "System.Tags": "First Host",
        "Microsoft.VSTS.TCM.Steps": null,
        "Microsoft.VSTS.TCM.Parameters": null,
        "Microsoft.VSTS.TCM.LocalDataSource": null,
        "Microsoft.VSTS.TCM.AutomationStatus": null,
        "System.History": null
      },
      "relations": [
        {
          "rel": "System.LinkTypes.Hierarchy-Forward",
          "url": "https://dev.azure.com/rco-llc/_apis/wit/workItems/161",
          "attributes": {
            "isLocked": "false",
            "comment": "Making a new link for the dependency",
            "name": "Child"
          }
        },
        {
          "rel": "System.LinkTypes.Hierarchy-Forward",
          "url": "https://dev.azure.com/rco-llc/_apis/wit/workItems/120",
          "attributes": {
            "isLocked": "false",
            "comment": "Making a new link for the dependency",
            "name": "Child"
          }
        },
        {
          "rel": "System.LinkTypes.Hierarchy-Reverse",
          "url": "https://dev.azure.com/rco-llc/_apis/wit/workItems/100",
          "attributes": {
            "isLocked": "false",
            "comment": "Making a new link for the dependency",
            "name": "Parent"
          }
        }
      ],
      "url": "https://dev.azure.com/rco-llc/_apis/wit/workItems/174"
    },
    {
      "id": 173,
      "rev": 1,
      "fields": {
        "System.AreaPath": "Cloud Adoption Plan",
        "System.TeamProject": "Cloud Adoption Plan",
        "System.IterationPath": "Cloud Adoption Plan",
        "System.WorkItemType": "User Story",
        "System.State": "New",
        "System.Reason": "New",
        "System.CreatedDate": "2020-06-25T15:49:49.253Z",
        "System.CreatedBy": "Mark (RCO-LLC) <mark@readycloudone.com>",
        "System.ChangedDate": "2020-06-25T15:49:49.253Z",
        "System.ChangedBy": "Mark (RCO-LLC) <mark@readycloudone.com>",
        "System.Title": "Migrate VMs",
        "Microsoft.VSTS.Scheduling.Effort": 0.0,
        "System.Description": "<div><span>Migrate a select group of VMs from the on-premises host to a host on Azure</span></div>",
        "System.AssignedTo": null,
        "Microsoft.VSTS.Scheduling.RemainingWork": 0.0,
        "Microsoft.VSTS.Common.Priority": 2.0,
        "System.BoardLane": null,
        "System.Tags": "First Host",
        "Microsoft.VSTS.TCM.Steps": null,
        "Microsoft.VSTS.TCM.Parameters": null,
        "Microsoft.VSTS.TCM.LocalDataSource": null,
        "Microsoft.VSTS.TCM.AutomationStatus": null,
        "System.History": null
      },
      "relations": [
        {
          "rel": "System.LinkTypes.Hierarchy-Reverse",
          "url": "https://dev.azure.com/rco-llc/_apis/wit/workItems/100",
          "attributes": {
            "isLocked": "false",
            "comment": "Making a new link for the dependency",
            "name": "Parent"
          }
        },
        {
          "rel": "System.LinkTypes.Hierarchy-Forward",
          "url": "https://dev.azure.com/rco-llc/_apis/wit/workItems/143",
          "attributes": {
            "isLocked": "false",
            "comment": "Making a new link for the dependency",
            "name": "Child"
          }
        },
        {
          "rel": "System.LinkTypes.Hierarchy-Forward",
          "url": "https://dev.azure.com/rco-llc/_apis/wit/workItems/119",
          "attributes": {
            "isLocked": "false",
            "comment": "Making a new link for the dependency",
            "name": "Child"
          }
        },
        {
          "rel": "System.LinkTypes.Hierarchy-Forward",
          "url": "https://dev.azure.com/rco-llc/_apis/wit/workItems/162",
          "attributes": {
            "isLocked": "false",
            "comment": "Making a new link for the dependency",
            "name": "Child"
          }
        },
        {
          "rel": "System.LinkTypes.Hierarchy-Forward",
          "url": "https://dev.azure.com/rco-llc/_apis/wit/workItems/123",
          "attributes": {
            "isLocked": "false",
            "comment": "Making a new link for the dependency",
            "name": "Child"
          }
        },
        {
          "rel": "System.LinkTypes.Hierarchy-Forward",
          "url": "https://dev.azure.com/rco-llc/_apis/wit/workItems/142",
          "attributes": {
            "isLocked": "false",
            "comment": "Making a new link for the dependency",
            "name": "Child"
          }
        }
      ],
      "url": "https://dev.azure.com/rco-llc/_apis/wit/workItems/173"
    },
    {
      "id": 172,
      "rev": 1,
      "fields": {
        "System.AreaPath": "Cloud Adoption Plan",
        "System.TeamProject": "Cloud Adoption Plan",
        "System.IterationPath": "Cloud Adoption Plan",
        "System.WorkItemType": "User Story",
        "System.State": "New",
        "System.Reason": "New",
        "System.CreatedDate": "2020-06-25T15:49:49.093Z",
        "System.CreatedBy": "Mark (RCO-LLC) <mark@readycloudone.com>",
        "System.ChangedDate": "2020-06-25T15:49:49.093Z",
        "System.ChangedBy": "Mark (RCO-LLC) <mark@readycloudone.com>",
        "System.Title": "Extend the landing zone for VMWare",
        "Microsoft.VSTS.Scheduling.Effort": 0.0,
        "System.Description": "<div><span>Resolve defined prerequisites necessary to migrate VMWare assets to Azure</span></div>",
        "System.AssignedTo": null,
        "Microsoft.VSTS.Scheduling.RemainingWork": 0.0,
        "Microsoft.VSTS.Common.Priority": 2.0,
        "System.BoardLane": null,
        "System.Tags": "First Host",
        "Microsoft.VSTS.TCM.Steps": null,
        "Microsoft.VSTS.TCM.Parameters": null,
        "Microsoft.VSTS.TCM.LocalDataSource": null,
        "Microsoft.VSTS.TCM.AutomationStatus": null,
        "System.History": null
      },
      "relations": [
        {
          "rel": "System.LinkTypes.Hierarchy-Forward",
          "url": "https://dev.azure.com/rco-llc/_apis/wit/workItems/121",
          "attributes": {
            "isLocked": "false",
            "comment": "Making a new link for the dependency",
            "name": "Child"
          }
        },
        {
          "rel": "System.LinkTypes.Hierarchy-Forward",
          "url": "https://dev.azure.com/rco-llc/_apis/wit/workItems/160",
          "attributes": {
            "isLocked": "false",
            "comment": "Making a new link for the dependency",
            "name": "Child"
          }
        },
        {
          "rel": "System.LinkTypes.Hierarchy-Reverse",
          "url": "https://dev.azure.com/rco-llc/_apis/wit/workItems/100",
          "attributes": {
            "isLocked": "false",
            "comment": "Making a new link for the dependency",
            "name": "Parent"
          }
        },
        {
          "rel": "System.LinkTypes.Hierarchy-Forward",
          "url": "https://dev.azure.com/rco-llc/_apis/wit/workItems/122",
          "attributes": {
            "isLocked": "false",
            "comment": "Making a new link for the dependency",
            "name": "Child"
          }
        }
      ],
      "url": "https://dev.azure.com/rco-llc/_apis/wit/workItems/172"
    },
    {
      "id": 171,
      "rev": 1,
      "fields": {
        "System.AreaPath": "Cloud Adoption Plan",
        "System.TeamProject": "Cloud Adoption Plan",
        "System.IterationPath": "Cloud Adoption Plan",
        "System.WorkItemType": "User Story",
        "System.State": "New",
        "System.Reason": "New",
        "System.CreatedDate": "2020-06-25T15:49:48.96Z",
        "System.CreatedBy": "Mark (RCO-LLC) <mark@readycloudone.com>",
        "System.ChangedDate": "2020-06-25T15:49:48.96Z",
        "System.ChangedBy": "Mark (RCO-LLC) <mark@readycloudone.com>",
        "System.Title": "Decomission Retired Assets",
        "Microsoft.VSTS.Scheduling.Effort": 0.0,
        "System.Description": "Realize cost savings by terminating retired assets",
        "System.AssignedTo": null,
        "Microsoft.VSTS.Scheduling.RemainingWork": 0.0,
        "Microsoft.VSTS.Common.Priority": 2.0,
        "System.BoardLane": null,
        "System.Tags": "Workload Template",
        "Microsoft.VSTS.TCM.Steps": null,
        "Microsoft.VSTS.TCM.Parameters": null,
        "Microsoft.VSTS.TCM.LocalDataSource": null,
        "Microsoft.VSTS.TCM.AutomationStatus": null,
        "System.History": null
      },
      "relations": [
        {
          "rel": "System.LinkTypes.Hierarchy-Reverse",
          "url": "https://dev.azure.com/rco-llc/_apis/wit/workItems/101",
          "attributes": {
            "isLocked": "false",
            "comment": "Making a new link for the dependency",
            "name": "Parent"
          }
        },
        {
          "rel": "System.LinkTypes.Hierarchy-Forward",
          "url": "https://dev.azure.com/rco-llc/_apis/wit/workItems/151",
          "attributes": {
            "isLocked": "false",
            "comment": "Making a new link for the dependency",
            "name": "Child"
          }
        },
        {
          "rel": "System.LinkTypes.Hierarchy-Forward",
          "url": "https://dev.azure.com/rco-llc/_apis/wit/workItems/113",
          "attributes": {
            "isLocked": "false",
            "comment": "Making a new link for the dependency",
            "name": "Child"
          }
        },
        {
          "rel": "System.LinkTypes.Hierarchy-Forward",
          "url": "https://dev.azure.com/rco-llc/_apis/wit/workItems/129",
          "attributes": {
            "isLocked": "false",
            "comment": "Making a new link for the dependency",
            "name": "Child"
          }
        }
      ],
      "url": "https://dev.azure.com/rco-llc/_apis/wit/workItems/171"
    },
    {
      "id": 170,
      "rev": 1,
      "fields": {
        "System.AreaPath": "Cloud Adoption Plan",
        "System.TeamProject": "Cloud Adoption Plan",
        "System.IterationPath": "Cloud Adoption Plan",
        "System.WorkItemType": "User Story",
        "System.State": "New",
        "System.Reason": "New",
        "System.CreatedDate": "2020-06-25T15:49:48.79Z",
        "System.CreatedBy": "Mark (RCO-LLC) <mark@readycloudone.com>",
        "System.ChangedDate": "2020-06-25T15:49:48.79Z",
        "System.ChangedBy": "Mark (RCO-LLC) <mark@readycloudone.com>",
        "System.Title": "Promote Workload",
        "Microsoft.VSTS.Scheduling.Effort": 0.0,
        "System.Description": "Tune the migrated assets based on testing feedback",
        "System.AssignedTo": null,
        "Microsoft.VSTS.Scheduling.RemainingWork": 0.0,
        "Microsoft.VSTS.Common.Priority": 2.0,
        "System.BoardLane": null,
        "System.Tags": "Workload Template",
        "Microsoft.VSTS.TCM.Steps": null,
        "Microsoft.VSTS.TCM.Parameters": null,
        "Microsoft.VSTS.TCM.LocalDataSource": null,
        "Microsoft.VSTS.TCM.AutomationStatus": null,
        "System.History": null
      },
      "relations": [
        {
          "rel": "System.LinkTypes.Hierarchy-Reverse",
          "url": "https://dev.azure.com/rco-llc/_apis/wit/workItems/101",
          "attributes": {
            "isLocked": "false",
            "comment": "Making a new link for the dependency",
            "name": "Parent"
          }
        },
        {
          "rel": "System.LinkTypes.Hierarchy-Forward",
          "url": "https://dev.azure.com/rco-llc/_apis/wit/workItems/128",
          "attributes": {
            "isLocked": "false",
            "comment": "Making a new link for the dependency",
            "name": "Child"
          }
        },
        {
          "rel": "System.LinkTypes.Hierarchy-Forward",
          "url": "https://dev.azure.com/rco-llc/_apis/wit/workItems/114",
          "attributes": {
            "isLocked": "false",
            "comment": "Making a new link for the dependency",
            "name": "Child"
          }
        },
        {
          "rel": "System.LinkTypes.Hierarchy-Forward",
          "url": "https://dev.azure.com/rco-llc/_apis/wit/workItems/137",
          "attributes": {
            "isLocked": "false",
            "comment": "Making a new link for the dependency",
            "name": "Child"
          }
        },
        {
          "rel": "System.LinkTypes.Hierarchy-Forward",
          "url": "https://dev.azure.com/rco-llc/_apis/wit/workItems/148",
          "attributes": {
            "isLocked": "false",
            "comment": "Making a new link for the dependency",
            "name": "Child"
          }
        },
        {
          "rel": "System.LinkTypes.Hierarchy-Forward",
          "url": "https://dev.azure.com/rco-llc/_apis/wit/workItems/155",
          "attributes": {
            "isLocked": "false",
            "comment": "Making a new link for the dependency",
            "name": "Child"
          }
        }
      ],
      "url": "https://dev.azure.com/rco-llc/_apis/wit/workItems/170"
    },
    {
      "id": 169,
      "rev": 1,
      "fields": {
        "System.AreaPath": "Cloud Adoption Plan",
        "System.TeamProject": "Cloud Adoption Plan",
        "System.IterationPath": "Cloud Adoption Plan",
        "System.WorkItemType": "User Story",
        "System.State": "New",
        "System.Reason": "New",
        "System.CreatedDate": "2020-06-25T15:49:48.577Z",
        "System.CreatedBy": "Mark (RCO-LLC) <mark@readycloudone.com>",
        "System.ChangedDate": "2020-06-25T15:49:48.577Z",
        "System.ChangedBy": "Mark (RCO-LLC) <mark@readycloudone.com>",
        "System.Title": "Optimize Workload Assets",
        "Microsoft.VSTS.Scheduling.Effort": 0.0,
        "System.Description": "Tune the migrated assets based on observations",
        "System.AssignedTo": null,
        "Microsoft.VSTS.Scheduling.RemainingWork": 0.0,
        "Microsoft.VSTS.Common.Priority": 2.0,
        "System.BoardLane": null,
        "System.Tags": "Workload Template",
        "Microsoft.VSTS.TCM.Steps": null,
        "Microsoft.VSTS.TCM.Parameters": null,
        "Microsoft.VSTS.TCM.LocalDataSource": null,
        "Microsoft.VSTS.TCM.AutomationStatus": null,
        "System.History": null
      },
      "relations": [
        {
          "rel": "System.LinkTypes.Hierarchy-Forward",
          "url": "https://dev.azure.com/rco-llc/_apis/wit/workItems/109",
          "attributes": {
            "isLocked": "false",
            "comment": "Making a new link for the dependency",
            "name": "Child"
          }
        },
        {
          "rel": "System.LinkTypes.Hierarchy-Forward",
          "url": "https://dev.azure.com/rco-llc/_apis/wit/workItems/154",
          "attributes": {
            "isLocked": "false",
            "comment": "Making a new link for the dependency",
            "name": "Child"
          }
        },
        {
          "rel": "System.LinkTypes.Hierarchy-Forward",
          "url": "https://dev.azure.com/rco-llc/_apis/wit/workItems/133",
          "attributes": {
            "isLocked": "false",
            "comment": "Making a new link for the dependency",
            "name": "Child"
          }
        },
        {
          "rel": "System.LinkTypes.Hierarchy-Reverse",
          "url": "https://dev.azure.com/rco-llc/_apis/wit/workItems/101",
          "attributes": {
            "isLocked": "false",
            "comment": "Making a new link for the dependency",
            "name": "Parent"
          }
        },
        {
          "rel": "System.LinkTypes.Hierarchy-Forward",
          "url": "https://dev.azure.com/rco-llc/_apis/wit/workItems/134",
          "attributes": {
            "isLocked": "false",
            "comment": "Making a new link for the dependency",
            "name": "Child"
          }
        }
      ],
      "url": "https://dev.azure.com/rco-llc/_apis/wit/workItems/169"
    },
    {
      "id": 168,
      "rev": 1,
      "fields": {
        "System.AreaPath": "Cloud Adoption Plan",
        "System.TeamProject": "Cloud Adoption Plan",
        "System.IterationPath": "Cloud Adoption Plan",
        "System.WorkItemType": "User Story",
        "System.State": "New",
        "System.Reason": "New",
        "System.CreatedDate": "2020-06-25T15:49:48.37Z",
        "System.CreatedBy": "Mark (RCO-LLC) <mark@readycloudone.com>",
        "System.ChangedDate": "2020-06-25T15:49:48.37Z",
        "System.ChangedBy": "Mark (RCO-LLC) <mark@readycloudone.com>",
        "System.Title": "Test Workload",
        "Microsoft.VSTS.Scheduling.Effort": 0.0,
        "System.Description": "Validate funcationality of the workload",
        "System.AssignedTo": null,
        "Microsoft.VSTS.Scheduling.RemainingWork": 0.0,
        "Microsoft.VSTS.Common.Priority": 2.0,
        "System.BoardLane": null,
        "System.Tags": "Workload Template",
        "Microsoft.VSTS.TCM.Steps": null,
        "Microsoft.VSTS.TCM.Parameters": null,
        "Microsoft.VSTS.TCM.LocalDataSource": null,
        "Microsoft.VSTS.TCM.AutomationStatus": null,
        "System.History": null
      },
      "relations": [
        {
          "rel": "System.LinkTypes.Hierarchy-Reverse",
          "url": "https://dev.azure.com/rco-llc/_apis/wit/workItems/101",
          "attributes": {
            "isLocked": "false",
            "comment": "Making a new link for the dependency",
            "name": "Parent"
          }
        },
        {
          "rel": "System.LinkTypes.Hierarchy-Forward",
          "url": "https://dev.azure.com/rco-llc/_apis/wit/workItems/110",
          "attributes": {
            "isLocked": "false",
            "comment": "Making a new link for the dependency",
            "name": "Child"
          }
        },
        {
          "rel": "System.LinkTypes.Hierarchy-Forward",
          "url": "https://dev.azure.com/rco-llc/_apis/wit/workItems/153",
          "attributes": {
            "isLocked": "false",
            "comment": "Making a new link for the dependency",
            "name": "Child"
          }
        },
        {
          "rel": "System.LinkTypes.Hierarchy-Forward",
          "url": "https://dev.azure.com/rco-llc/_apis/wit/workItems/135",
          "attributes": {
            "isLocked": "false",
            "comment": "Making a new link for the dependency",
            "name": "Child"
          }
        },
        {
          "rel": "System.LinkTypes.Hierarchy-Forward",
          "url": "https://dev.azure.com/rco-llc/_apis/wit/workItems/132",
          "attributes": {
            "isLocked": "false",
            "comment": "Making a new link for the dependency",
            "name": "Child"
          }
        }
      ],
      "url": "https://dev.azure.com/rco-llc/_apis/wit/workItems/168"
    },
    {
      "id": 167,
      "rev": 1,
      "fields": {
        "System.AreaPath": "Cloud Adoption Plan",
        "System.TeamProject": "Cloud Adoption Plan",
        "System.IterationPath": "Cloud Adoption Plan",
        "System.WorkItemType": "User Story",
        "System.State": "New",
        "System.Reason": "New",
        "System.CreatedDate": "2020-06-25T15:49:48.22Z",
        "System.CreatedBy": "Mark (RCO-LLC) <mark@readycloudone.com>",
        "System.ChangedDate": "2020-06-25T15:49:48.22Z",
        "System.ChangedBy": "Mark (RCO-LLC) <mark@readycloudone.com>",
        "System.Title": "VM 3 - SQL Server",
        "Microsoft.VSTS.Scheduling.Effort": 0.0,
        "System.Description": "VM to be migrated",
        "System.AssignedTo": null,
        "Microsoft.VSTS.Scheduling.RemainingWork": 0.0,
        "Microsoft.VSTS.Common.Priority": 2.0,
        "System.BoardLane": null,
        "System.Tags": "Workload Template",
        "Microsoft.VSTS.TCM.Steps": null,
        "Microsoft.VSTS.TCM.Parameters": null,
        "Microsoft.VSTS.TCM.LocalDataSource": null,
        "Microsoft.VSTS.TCM.AutomationStatus": null,
        "System.History": null
      },
      "relations": [
        {
          "rel": "System.LinkTypes.Hierarchy-Forward",
          "url": "https://dev.azure.com/rco-llc/_apis/wit/workItems/158",
          "attributes": {
            "isLocked": "false",
            "comment": "Making a new link for the dependency",
            "name": "Child"
          }
        },
        {
          "rel": "System.LinkTypes.Hierarchy-Forward",
          "url": "https://dev.azure.com/rco-llc/_apis/wit/workItems/140",
          "attributes": {
            "isLocked": "false",
            "comment": "Making a new link for the dependency",
            "name": "Child"
          }
        },
        {
          "rel": "System.LinkTypes.Hierarchy-Forward",
          "url": "https://dev.azure.com/rco-llc/_apis/wit/workItems/117",
          "attributes": {
            "isLocked": "false",
            "comment": "Making a new link for the dependency",
            "name": "Child"
          }
        },
        {
          "rel": "System.LinkTypes.Hierarchy-Reverse",
          "url": "https://dev.azure.com/rco-llc/_apis/wit/workItems/101",
          "attributes": {
            "isLocked": "false",
            "comment": "Making a new link for the dependency",
            "name": "Parent"
          }
        },
        {
          "rel": "System.LinkTypes.Hierarchy-Forward",
          "url": "https://dev.azure.com/rco-llc/_apis/wit/workItems/145",
          "attributes": {
            "isLocked": "false",
            "comment": "Making a new link for the dependency",
            "name": "Child"
          }
        },
        {
          "rel": "System.LinkTypes.Hierarchy-Forward",
          "url": "https://dev.azure.com/rco-llc/_apis/wit/workItems/125",
          "attributes": {
            "isLocked": "false",
            "comment": "Making a new link for the dependency",
            "name": "Child"
          }
        }
      ],
      "url": "https://dev.azure.com/rco-llc/_apis/wit/workItems/167"
    },
    {
      "id": 166,
      "rev": 2,
      "fields": {
        "System.AreaPath": "Cloud Adoption Plan",
        "System.TeamProject": "Cloud Adoption Plan",
        "System.IterationPath": "Cloud Adoption Plan",
        "System.WorkItemType": "User Story",
        "System.State": "Removed",
        "System.Reason": "Removed from the backlog",
        "System.CreatedDate": "2020-06-25T15:49:47.987Z",
        "System.CreatedBy": "Mark (RCO-LLC) <mark@readycloudone.com>",
        "System.ChangedDate": "2020-07-18T17:07:53.253Z",
        "System.ChangedBy": "Mark (RCO-LLC) <mark@readycloudone.com>",
        "System.Title": "VM - Middle Tier",
        "Microsoft.VSTS.Scheduling.Effort": 0.0,
        "System.Description": "VM to be migrated",
        "System.AssignedTo": null,
        "Microsoft.VSTS.Scheduling.RemainingWork": 0.0,
        "Microsoft.VSTS.Common.Priority": 2.0,
        "System.BoardLane": null,
        "System.Tags": "Workload Template",
        "Microsoft.VSTS.TCM.Steps": null,
        "Microsoft.VSTS.TCM.Parameters": null,
        "Microsoft.VSTS.TCM.LocalDataSource": null,
        "Microsoft.VSTS.TCM.AutomationStatus": null,
        "System.History": null
      },
      "relations": [
        {
          "rel": "System.LinkTypes.Hierarchy-Forward",
          "url": "https://dev.azure.com/rco-llc/_apis/wit/workItems/141",
          "attributes": {
            "isLocked": "false",
            "comment": "Making a new link for the dependency",
            "name": "Child"
          }
        },
        {
          "rel": "System.LinkTypes.Hierarchy-Reverse",
          "url": "https://dev.azure.com/rco-llc/_apis/wit/workItems/101",
          "attributes": {
            "isLocked": "false",
            "comment": "Making a new link for the dependency",
            "name": "Parent"
          }
        },
        {
          "rel": "System.LinkTypes.Hierarchy-Forward",
          "url": "https://dev.azure.com/rco-llc/_apis/wit/workItems/118",
          "attributes": {
            "isLocked": "false",
            "comment": "Making a new link for the dependency",
            "name": "Child"
          }
        },
        {
          "rel": "System.LinkTypes.Hierarchy-Forward",
          "url": "https://dev.azure.com/rco-llc/_apis/wit/workItems/159",
          "attributes": {
            "isLocked": "false",
            "comment": "Making a new link for the dependency",
            "name": "Child"
          }
        },
        {
          "rel": "System.LinkTypes.Hierarchy-Forward",
          "url": "https://dev.azure.com/rco-llc/_apis/wit/workItems/144",
          "attributes": {
            "isLocked": "false",
            "comment": "Making a new link for the dependency",
            "name": "Child"
          }
        },
        {
          "rel": "System.LinkTypes.Hierarchy-Forward",
          "url": "https://dev.azure.com/rco-llc/_apis/wit/workItems/124",
          "attributes": {
            "isLocked": "false",
            "comment": "Making a new link for the dependency",
            "name": "Child"
          }
        }
      ],
      "url": "https://dev.azure.com/rco-llc/_apis/wit/workItems/166"
    },
    {
      "id": 165,
      "rev": 2,
      "fields": {
        "System.AreaPath": "Cloud Adoption Plan",
        "System.TeamProject": "Cloud Adoption Plan",
        "System.IterationPath": "Cloud Adoption Plan",
        "System.WorkItemType": "User Story",
        "System.State": "Removed",
        "System.Reason": "Removed from the backlog",
        "System.CreatedDate": "2020-06-25T15:49:47.83Z",
        "System.CreatedBy": "Mark (RCO-LLC) <mark@readycloudone.com>",
        "System.ChangedDate": "2020-07-18T17:07:53.253Z",
        "System.ChangedBy": "Mark (RCO-LLC) <mark@readycloudone.com>",
        "System.Title": "VM - UX Server",
        "Microsoft.VSTS.Scheduling.Effort": 0.0,
        "System.Description": "VM to be migrated",
        "System.AssignedTo": null,
        "Microsoft.VSTS.Scheduling.RemainingWork": 0.0,
        "Microsoft.VSTS.Common.Priority": 2.0,
        "System.BoardLane": null,
        "System.Tags": "Workload Template",
        "Microsoft.VSTS.TCM.Steps": null,
        "Microsoft.VSTS.TCM.Parameters": null,
        "Microsoft.VSTS.TCM.LocalDataSource": null,
        "Microsoft.VSTS.TCM.AutomationStatus": null,
        "System.History": null
      },
      "relations": [
        {
          "rel": "System.LinkTypes.Hierarchy-Forward",
          "url": "https://dev.azure.com/rco-llc/_apis/wit/workItems/131",
          "attributes": {
            "isLocked": "false",
            "comment": "Making a new link for the dependency",
            "name": "Child"
          }
        },
        {
          "rel": "System.LinkTypes.Hierarchy-Reverse",
          "url": "https://dev.azure.com/rco-llc/_apis/wit/workItems/101",
          "attributes": {
            "isLocked": "false",
            "comment": "Making a new link for the dependency",
            "name": "Parent"
          }
        },
        {
          "rel": "System.LinkTypes.Hierarchy-Forward",
          "url": "https://dev.azure.com/rco-llc/_apis/wit/workItems/152",
          "attributes": {
            "isLocked": "false",
            "comment": "Making a new link for the dependency",
            "name": "Child"
          }
        },
        {
          "rel": "System.LinkTypes.Hierarchy-Forward",
          "url": "https://dev.azure.com/rco-llc/_apis/wit/workItems/136",
          "attributes": {
            "isLocked": "false",
            "comment": "Making a new link for the dependency",
            "name": "Child"
          }
        },
        {
          "rel": "System.LinkTypes.Hierarchy-Forward",
          "url": "https://dev.azure.com/rco-llc/_apis/wit/workItems/111",
          "attributes": {
            "isLocked": "false",
            "comment": "Making a new link for the dependency",
            "name": "Child"
          }
        },
        {
          "rel": "System.LinkTypes.Hierarchy-Forward",
          "url": "https://dev.azure.com/rco-llc/_apis/wit/workItems/149",
          "attributes": {
            "isLocked": "false",
            "comment": "Making a new link for the dependency",
            "name": "Child"
          }
        }
      ],
      "url": "https://dev.azure.com/rco-llc/_apis/wit/workItems/165"
    },
    {
      "id": 164,
      "rev": 1,
      "fields": {
        "System.AreaPath": "Cloud Adoption Plan",
        "System.TeamProject": "Cloud Adoption Plan",
        "System.IterationPath": "Cloud Adoption Plan",
        "System.WorkItemType": "User Story",
        "System.State": "New",
        "System.Reason": "New",
        "System.CreatedDate": "2020-06-25T15:49:47.667Z",
        "System.CreatedBy": "Mark (RCO-LLC) <mark@readycloudone.com>",
        "System.ChangedDate": "2020-06-25T15:49:47.667Z",
        "System.ChangedBy": "Mark (RCO-LLC) <mark@readycloudone.com>",
        "System.Title": "Assess the workload",
        "Microsoft.VSTS.Scheduling.Effort": 0.0,
        "System.Description": "<div><span><a href=\"https://docs.microsoft.com/en-us/azure/architecture/cloud-adoption/migrate/migration-considerations/assess/?branch=pr-en-us-47\">https://docs.microsoft.com/en-us/azure/architecture/cloud-adoption/migrate/migration-considerations/assess/?branch=pr-en-us-47</a><br></span></div>",
        "System.AssignedTo": null,
        "Microsoft.VSTS.Scheduling.RemainingWork": 0.0,
        "Microsoft.VSTS.Common.Priority": 2.0,
        "System.BoardLane": null,
        "System.Tags": "Workload Template",
        "Microsoft.VSTS.TCM.Steps": null,
        "Microsoft.VSTS.TCM.Parameters": null,
        "Microsoft.VSTS.TCM.LocalDataSource": null,
        "Microsoft.VSTS.TCM.AutomationStatus": null,
        "System.History": null
      },
      "relations": [
        {
          "rel": "System.LinkTypes.Hierarchy-Forward",
          "url": "https://dev.azure.com/rco-llc/_apis/wit/workItems/139",
          "attributes": {
            "isLocked": "false",
            "comment": "Making a new link for the dependency",
            "name": "Child"
          }
        },
        {
          "rel": "System.LinkTypes.Hierarchy-Forward",
          "url": "https://dev.azure.com/rco-llc/_apis/wit/workItems/157",
          "attributes": {
            "isLocked": "false",
            "comment": "Making a new link for the dependency",
            "name": "Child"
          }
        },
        {
          "rel": "System.LinkTypes.Hierarchy-Forward",
          "url": "https://dev.azure.com/rco-llc/_apis/wit/workItems/116",
          "attributes": {
            "isLocked": "false",
            "comment": "Making a new link for the dependency",
            "name": "Child"
          }
        },
        {
          "rel": "System.LinkTypes.Hierarchy-Reverse",
          "url": "https://dev.azure.com/rco-llc/_apis/wit/workItems/101",
          "attributes": {
            "isLocked": "false",
            "comment": "Making a new link for the dependency",
            "name": "Parent"
          }
        },
        {
          "rel": "System.LinkTypes.Hierarchy-Forward",
          "url": "https://dev.azure.com/rco-llc/_apis/wit/workItems/146",
          "attributes": {
            "isLocked": "false",
            "comment": "Making a new link for the dependency",
            "name": "Child"
          }
        },
        {
          "rel": "System.LinkTypes.Hierarchy-Forward",
          "url": "https://dev.azure.com/rco-llc/_apis/wit/workItems/126",
          "attributes": {
            "isLocked": "false",
            "comment": "Making a new link for the dependency",
            "name": "Child"
          }
        }
      ],
      "url": "https://dev.azure.com/rco-llc/_apis/wit/workItems/164"
    },
    {
      "id": 163,
      "rev": 1,
      "fields": {
        "System.AreaPath": "Cloud Adoption Plan",
        "System.TeamProject": "Cloud Adoption Plan",
        "System.IterationPath": "Cloud Adoption Plan",
        "System.WorkItemType": "User Story",
        "System.State": "New",
        "System.Reason": "New",
        "System.CreatedDate": "2020-06-25T15:49:47.43Z",
        "System.CreatedBy": "Mark (RCO-LLC) <mark@readycloudone.com>",
        "System.ChangedDate": "2020-06-25T15:49:47.43Z",
        "System.ChangedBy": "Mark (RCO-LLC) <mark@readycloudone.com>",
        "System.Title": "Prerequisites",
        "Microsoft.VSTS.Scheduling.Effort": 0.0,
        "System.Description": "Validate completion of prerequisites &amp; document answers",
        "System.AssignedTo": null,
        "Microsoft.VSTS.Scheduling.RemainingWork": 0.0,
        "Microsoft.VSTS.Common.Priority": 2.0,
        "System.BoardLane": null,
        "System.Tags": "Workload Template",
        "Microsoft.VSTS.TCM.Steps": null,
        "Microsoft.VSTS.TCM.Parameters": null,
        "Microsoft.VSTS.TCM.LocalDataSource": null,
        "Microsoft.VSTS.TCM.AutomationStatus": null,
        "System.History": null
      },
      "relations": [
        {
          "rel": "System.LinkTypes.Hierarchy-Forward",
          "url": "https://dev.azure.com/rco-llc/_apis/wit/workItems/130",
          "attributes": {
            "isLocked": "false",
            "comment": "Making a new link for the dependency",
            "name": "Child"
          }
        },
        {
          "rel": "System.LinkTypes.Hierarchy-Forward",
          "url": "https://dev.azure.com/rco-llc/_apis/wit/workItems/112",
          "attributes": {
            "isLocked": "false",
            "comment": "Making a new link for the dependency",
            "name": "Child"
          }
        },
        {
          "rel": "System.LinkTypes.Hierarchy-Reverse",
          "url": "https://dev.azure.com/rco-llc/_apis/wit/workItems/101",
          "attributes": {
            "isLocked": "false",
            "comment": "Making a new link for the dependency",
            "name": "Parent"
          }
        },
        {
          "rel": "System.LinkTypes.Hierarchy-Forward",
          "url": "https://dev.azure.com/rco-llc/_apis/wit/workItems/150",
          "attributes": {
            "isLocked": "false",
            "comment": "Making a new link for the dependency",
            "name": "Child"
          }
        }
      ],
      "url": "https://dev.azure.com/rco-llc/_apis/wit/workItems/163"
    }
  ],
  "HttpStatusCode": 0,
  "Message": null
}