{
  "Extensions": [
    {
      "extensionName": "Azure DevOps Open in Excel",
      "link": "<a href='https://marketplace.visualstudio.com/items?itemName=blueprint.vsts-open-work-items-in-excel' target='_blank'><b>Azure DevOps Open in Excel</b></a>",
      "publisherId": "blueprint",
      "extensionId": "vsts-open-work-items-in-excel",
      "publisherName": "Microsoft DevLabs",
      "License": "<a href='https://marketplace.visualstudio.com/items?itemName=blueprint.vsts-open-work-items-in-excel' target='_blank'>License Terms</a>"
    },
    {
      "extensionName": "Azure Cost Insights",
      "link": "<a href='https://marketplace.visualstudio.com/items?itemName=keesschollaart.AzureCostInsights' target='_blank'><b>Azure Cost Insights</b></a>",
      "publisherId": "keesschollaart",
      "extensionId": "AzureCostInsights",
      "publisherName": "Kees Schollaart",
      "License": "<a href='https://marketplace.visualstudio.com/items?itemName=keesschollaart.AzureCostInsights' target='_blank'>License Terms</a>"
    },
    {
      "extensionName": "Release Management Utility tasks",
      "link": "<a href='https://marketplace.visualstudio.com/items?itemName=ms-devlabs.utilitytasks' target='_blank'><b>Release Management Utility tasks</b></a>",
      "publisherId": "ms-devlabs",
      "extensionId": "utilitytasks",
      "publisherName": "Microsoft DevLabs",
      "License": "<a href='https://marketplace.visualstudio.com/items?itemName=ms-devlabs.utilitytasks' target='_blank'>License Terms</a>"
    },
    {
      "extensionName": "Feature timeline and Epic Roadmap",
      "link": "<a href='https://marketplace.visualstudio.com/items?itemName=ms-devlabs.workitem-feature-timeline-extension' target='_blank'><b>Feature timeline and Epic Roadmap</b></a>",
      "publisherId": "ms-devlabs",
      "extensionId": "workitem-feature-timeline-extension",
      "publisherName": "Microsoft DevLabs",
      "License": "<a href='https://marketplace.visualstudio.com/items?itemName=ms-devlabs.workitem-feature-timeline-extension' target='_blank'>License Terms</a>"
    },
    {
      "extensionName": "Dependency Tracker",
      "link": "<a href='https://marketplace.visualstudio.com/items?itemName=ms-eswm.dependencytracker' target='_blank'><b>Dependency Tracker</b></a>",
      "publisherId": "ms-eswm",
      "extensionId": "dependencytracker",
      "publisherName": "Microsoft",
      "License": "<a href='https://marketplace.visualstudio.com/items?itemName=ms-eswm.dependencytracker' target='_blank'>License Terms</a>"
    },
    {
      "extensionName": "Bower",
      "link": "<a href='https://marketplace.visualstudio.com/items?itemName=touchify.vsts-bower' target='_blank'><b>Bower</b></a>",
      "publisherId": "touchify",
      "extensionId": "vsts-bower",
      "publisherName": "Touchify",
      "License": "<a href='https://marketplace.visualstudio.com/items?itemName=touchify.vsts-bower' target='_blank'>License Terms</a>"
    },
    {
      "extensionName": "Visual Studio IntelliCode Team Model Training",
      "link": "<a href='https://marketplace.visualstudio.com/items?itemName=VisualStudioExptTeam.VSIntelliCodeTeamModelTraining' target='_blank'><b>Visual Studio IntelliCode Team Model Training</b></a>",
      "publisherId": "VisualStudioExptTeam",
      "extensionId": "VSIntelliCodeTeamModelTraining",
      "publisherName": "Microsoft",
      "License": "<a href='https://marketplace.visualstudio.com/items?itemName=VisualStudioExptTeam.VSIntelliCodeTeamModelTraining' target='_blank'>License Terms</a>"
    },
    {
      "extensionName": "Code Search",
      "link": "<a href='https://marketplace.visualstudio.com/items?itemName=ms.vss-code-search' target='_blank'><b>Code Search</b></a>",
      "publisherId": "ms",
      "extensionId": "vss-code-search",
      "publisherName": "Microsoft",
      "License": "<a href='https://marketplace.visualstudio.com/items?itemName=ms.vss-code-search' target='_blank'>License Terms</a>"
    }
  ]
}